id,title,cat,author,date,read,excerpt,body,status,thumbnail,updated,created_at,author2,photojournalist,layout_by,edited_by,featured,publish_at,layout_by_2,graphics_by,slug,views,deleted_at,photojournalist_2,photo_courtesy,subcat
0505936a-9a3b-4c52-8ee7-0acec867ba3a,"Bakit, Papa?",literary,Melissa O. Yuson,2026-06-21,3 min,"Sa usapang pamilyang Pilipino, may iba’t ibang eksena ang haligi nito","Sa usapang pamilyang Pilipino, may iba’t ibang eksena ang haligi nito:

(Supportive)
Dito, ang aking entablado ay ang pintuan
nakapamewang habang katabi si bantay,
nag-aantay
kay itay

Bakit, Papa? Bakit kahit na ikaw ay pagod,
kahit ikaw ang nagpako ng bubong
para may pamamahayang silong,
nagawa mo pa rin akong
bigyan ng pasalubong?

(Yearning)
Dito, ang aking entablado ay siya pa ring pintuan
katatapos maghugas ng pinggan,
kamay ay pinunasan,
cellphone ay dali-daling binuksan

Bakit, Papa? Bakit kita ko pa rin ang saya
‘pagkat kahit ang signal ay mahina,
parang katabi lang kita,
mag-ingat ka, Pa,
riyan sa ibang bansa.

(Angry)
Hindi pa rin ako napapagal dito sa pinto
ang buwan ang karamay
hindi rin mangangalay,
para kay tatay

Bakit, Papa? Masalimuot ipaglaban ang bayan
ngunit galit man ako dahil nangungulila,
dahil imbis na nasa bahay ka,
ay ikaw ay nasa kalsada
lubos pa rin kitang naiintindihan, Papa.

(Flirty)
Ang entablado ay hindi akin
ako lamang ay ekstra rito,
hinding hindi aayaw,
kung pangalan niya ang ihihiyaw

“Bakit, Papa?”— Ang tanong na ito ay hindi akin,
ito’y galing sa kanilang hindi nakaiintindi
kung bakit daw may Papa na malambot,
may Papa na kumekembot,
may Papa na maharot

Papa ko siya,
nandiyan at matiyaga,
sa paraang malaya,
maging tulad niyang Papa rin ang gusto niya.

Sa usapang pamilyang Pilipino, may iba’t ibang eksena ang haligi nito:

(Supportive)
Dito, ang aking entablado ay ang pintuan
nakapamewang habang katabi si bantay,
nag-aantay
kay itay

Bakit, Papa? Bakit kahit na ikaw ay pagod,
kahit ikaw ang nagpako ng bubong
para may pamamahayang silong,
nagawa mo pa rin akong
bigyan ng pasalubong?

(Yearning)
Dito, ang aking entablado ay siya pa ring pintuan
katatapos maghugas ng pinggan,
kamay ay pinunasan,
cellphone ay dali-daling binuksan

Bakit, Papa? Bakit kita ko pa rin ang saya
‘pagkat kahit ang signal ay mahina,
parang katabi lang kita,
mag-ingat ka, Pa,
riyan sa ibang bansa.

(Angry)
Hindi pa rin ako napapagal dito sa pinto
ang buwan ang karamay
hindi rin mangangalay,
para kay tatay

Bakit, Papa? Masalimuot ipaglaban ang bayan
ngunit galit man ako dahil nangungulila,
dahil imbis na nasa bahay ka,
ay ikaw ay nasa kalsada
lubos pa rin kitang naiintindihan, Papa.

(Flirty)
Ang entablado ay hindi akin
ako lamang ay ekstra rito,
hinding hindi aayaw,
kung pangalan niya ang ihihiyaw

“Bakit, Papa?”— Ang tanong na ito ay hindi akin,
ito’y galing sa kanilang hindi nakaiintindi
kung bakit daw may Papa na malambot,
may Papa na kumekembot,
may Papa na maharot

Papa ko siya,
nandiyan at matiyaga,
sa paraang malaya,
maging tulad niyang Papa rin ang gusto niya.

****

Ngayong araw ng mga haligi ng tahanan, ipinagdiriwang ang mga kuwentong nagpapatibay dito. Sa mga amang pagod pero may dala pa ring pasalubong, sa mga tatay na puspos ang kayod sa ibang bansa, sa mga nasa kalsada’t nakikibaka, gayundin sa mga papa na mama mama ang atake, at sa lahat ng mga nagsilbing ama at umakay sa agos ng buhay— maligayang 𝗔𝗿𝗮𝘄 𝗻𝗴 𝗺𝗴𝗮 𝗔𝗺𝗮!",published,https://fgojhhgqpvnwtcqkornz.supabase.co/storage/v1/object/public/thumbnails/1790756191390-kinfx6.webp,2026-09-30 08:16:31.773+00,2026-09-30 08:16:31.923401+00,,,Sheena C. Panelo,,false,,,Reina Jyneh L. Sapigao,,2,,,,
06b834bd-fae1-4925-95ee-cec1e5bdb7c0,"TSU, inaasahang magpatupad ng online classes; TSUians, nananawagan para sa total suspension",news,Renz Joshua D.T. De Vera,2026-08-29,2 min,"Kasunod ng walang-tigil na pag-ulan, pagguho ng mga tulay, at pagdedeklara ng state of calamity sa ilang bahagi ng Tarlac, ibinahagi ni Tarlac State University Supreme Student Council (TSU-SSC) President Jazzmine Samson ang shift sa…","Kasunod ng walang-tigil na pag-ulan, pagguho ng mga tulay, at pagdedeklara ng state of calamity sa ilang bahagi ng Tarlac, ibinahagi ni Tarlac State University Supreme Student Council (TSU-SSC) President Jazzmine Samson ang shift sa online classes at work-from-home set-up ng pamantasan sa paparating na linggo, mula August 31 hanggang September 5. 

Bagaman hinihintay pa ang opisyal na pahayag ng unibersidad, marami na sa mga estudyante ang patuloy na nananawagan para sa total class suspension kaysa sa proposed na shift sa online learning modality. 

“I understand that the current decisions of TSU and SSC are tentative/reactive to the situation as of now, but shifting to alternative learning methods such as online classes only solved part of the problem,” pahayag ni Darrel Joshua sa isang post sa Firefox League, isang Facebook group ng TSUian community. 

Dagdag pa rito, pangamba rin ng mga estudyante na magiging dagdag-alalahanin ang mga online activities ngayong paparating na linggo, na sasabay sa perwisyong dulot ng walang tigil na pag-ulan at patuloy na pagtaas ng baha sa kanilang mga komunidad.
“Bilang isang estudyante, labis po akong nag-aalala dahil marami po sa amin ang kasalukuyang nasa mahirap na kalagayan. 

Naiintindihan po namin na wala pa namang opisyal na activity o requirements na ipinapagawa sa amin, ngunit hindi po namin maiiwasang isipin at alalahanin kung paano namin haharapin ang mga ito kung sakaling magsimula na ang online classes,” paliwanag ni Crisel Lansang. 

Matatandaang kinansela ng TSU ang dapat sanang Flexible Learning Week ngayong paparating na linggo bunsod ng ‘di inaasahang class suspensions sa unang bahagi ng Agosto dahil sa sunod-sunod na pag-ulang dulot ng Habagat. 

Sa mga sandaling ito, wala pang opisyal na kumpirmasyon ang unibersidad hinggil sa magiging guidelines at working schedules ngayong nasa gitna ng sakuna ang lalawigan, habang ibinahagi naman ni Samson na patuloy ang pakikipag-ugnayan ng konseho sa administrasyon ng TSU para sa total suspension ng mga klase.

Inaabisuhan naman ang mga mag-aaral na maghintay sa pormal na anunsyo nito sa mga susunod na oras.",published,https://fgojhhgqpvnwtcqkornz.supabase.co/storage/v1/object/public/thumbnails/1790758810127-cajhvw.webp,2026-09-30 16:11:00.252+00,2026-09-30 09:00:11.24443+00,,,Rhian Justine A.D. Dela Cruz,,false,2026-08-29 15:49:00+00,,,,1,,,,university
06c93f07-9832-4bd4-92e2-b91fb078015f,TSU to allow gender-affirmative dress code in 2026 grad rites,news,Andrei P. Opeña,2026-05-16,3 min,"After long years of strict adherence to gender-specific graduation attire, Tarlac State University (TSU) will now allow its 2026 batch of graduating students, especially transgender and gender non-conforming (TGNC) students, to wear…","After long years of strict adherence to gender-specific graduation attire, Tarlac State University (TSU) will now allow its 2026 batch of graduating students, especially transgender and gender non-conforming (TGNC) students, to wear attire aligned with their gender identity during their graduation rites this coming July.

This comes following the approval of the proposed amendments to the Graduation Attire Guidelines for Batch 2026 after years of continuous dialogue and consultation, as announced by the TSU Office of the Student Regent (OSR) on May 16.

While the amendments may still need further improvements, the office, in a statement posted on Facebook, said that “this development marks a significant and meaningful step toward strengthening gender responsiveness, inclusivity, and student representation within the Tarlac State University community.”

It added that while progress all at once may not be easy to achieve, “every policy improved, every space opened, and every voice recognized reflects a community that continues to move forward.”

The office recognized the Safe Space Society (TSU-SSS), which has been moving to promote inclusivity and the welfare of the entire TSUian student community.

It likewise acknowledged the Offices of Gender and Development, Admission and Registration, Student Affairs and Services, Vice President for Academic Affairs, and the University President for their support and approval of the student-led initiative.

Below are the amended and approved graduation attire guidelines for the graduating class of 2026:
• For Cisgender Men and Trans Men: Cream/beige barong (non-see-through), black seda pants, and black formal shoes.
• For Cisgender Women: Cream/beige Filipiniana top or dress, long skirt (must not be above knee length), and cream/beige heels (closed-toe maximum of 2 inches).
• For Trans Women: Cream/beige Filipiniana top (dress not permitted), cream/beige flare pants, or any type of long pants (skirts not permitted), and cream/beige heels (closed-toe maximum of 2 inches).

The office, however, despite the new guidelines, noted that all graduation attire must uphold the formality of the ceremony, thus, prohibiting above-the-knee high slits and low-back and low front-cut Filipinianas. 

Meanwhile, in a comment, former President of the TSU-SSS Mx. Nixe David Alviar expressed their elation with the approval, saying “Sa wakas! Matapos ang ilang taon sa pakikibaka ng isang tunay na ligtas na espasyo, sa isang tunay na “Unity in Inclusivity”, may usad na.”

It could be noted that in 2025, student councils, publications, and various student organizations issued a joint statement calling for the immediate approval, institutionalization, and full implementation of the Gender-Responsive Policy.

Now, such an effort, alongside the collective action and continued collaboration between the Supreme Student Council (SSC) and the TSU-SSS, has resulted in meaningful progress in the students’ fight for inclusivity. 

On the other hand, the TSU-SSS, in a separate statement, proudly celebrated the approval, deeming it as not merely a policy change but a “recognition of every student’s right to dignity, authenticity, and representation.""

“Through collective action, dialogue, and student-led advocacy, we have shown that meaningful change is possible when institutions choose inclusivity and empathy,” it added.

Amidst this, both the OSR and TSU-SSS vowed to remain committed to championing policies and spaces aimed at upholding the rights, dignity, and recognition of students’ identity moving forward as there is “still more work to be done.”",published,https://fgojhhgqpvnwtcqkornz.supabase.co/storage/v1/object/public/thumbnails/1790766406676-h5brf8.webp,2026-09-30 16:08:30.07+00,2026-09-30 11:06:48.246108+00,,,Andrei P. Opeña,,false,,,,,0,,,,university
0e818379-be7a-4793-b3b7-a4830304408b,Out of Touch,opinion,Janeth G. Gamboa,2025-12-07,4 min,People say ‘living under a rock’ means being clueless about the world. But the real problem does not lie in ignorance—it is stubbornness. Some folks know what is happening but refuse to let reality seep in.,"People say ‘living under a rock’ means being clueless about the world. But the real problem does not lie in ignorance—it is stubbornness. Some folks know what is happening but refuse to let reality seep in. Their minds are rock-hard, sealed against the clamor of their constituents’ testimonies. It is not about being out of touch—but choosing to stay out of touch despite the opportunities to be rightfully swayed and perceive truth.

It is much of a dismay for the department that is supposed to oversee the nation’s spending and economic well-being to fail. In mathematics, calculations are done to seek the answer. But one cannot calculate without understanding the problem in the first place. In its stead, it will birth a wrong answer that does not correspond to reality.

True to its horror, the Department of Trade and Industry (DTI) insists that a mere P500 is enough for a Noche Buena meal for many Filipino families. The DTI Secretary, Cristina A. Roque, stated that it is adequate for a family of four, citing the DTI Price Guide for the usual dishes served in Noche Buena: Christmas ham can be had at P170, spaghetti for P78.50, with spaghetti noodles at P30, and the sauce at P48.50. Then, macaroni salad would cost a total of P152.44, noodles at P40.95, mayonnaise at P55, and cheese at P56.60. Fruit salad at P98.25, as the fruit cocktail is priced at P61.75, and all-purpose cream at P36.25.

Well, it is enough—that is if we close our eyes and pretend we live in the 90s. In a blink, it is evident that it is not enough with the price tags stamped on groceries nowadays. It does not by a single spectacle represent the real cost of preparing a Christmas meal. The DTI’s numbers were plucked from the shelf holding the smallest-sized, cheapest brand, and there was utter disregard for the reality and struggles most families face when checking out.

The tragedy is not just in the numbers but the lived experiences of ordinary Filipinos, with low wages paired with such high living costs that burden many households and their purchasing power. The minimum wage in Metro Manila is P695 per day, with other regions’ remaining as low as P400. For some, P500 is already spent as fare or for gas to get home to their loved ones for the holidays.

In reality, the cost of a basic Noche Buena cart ranges from P1,000 to even P5,000. Evidently, let’s be clear: price inflation in the Philippines is at crisis level. The Philippine Statistics Authority (PSA) has shown that the cost of basic food needs has far exceeded the wages of most families. According to the 2024 Occupational Wages Survey, the national average monthly wage of full-time workers was PHP 21,544. Meanwhile, basic survival in Manila, according to the private sector, requires PHP 20,000 to PHP 25,000 per month. Worse, that’s just for basic nutrition, not the special dishes and elements that make Christmas, Christmas.

Just how high up are the chairs they sit on that they fail to even look over towards the bottom? Noche Buena is not just any meal—it is about tradition, bonding, and celebrating one of the most awaited holidays, Christmas. In hope that even for one night, every Filipino family can gather together and enjoy delicious food filled with love. It is nothing but an insult for many families, as if the very message tells of a poor edition of a Christmas meal.

When corrupt officials steal millions from the masses, feast on the money, and spend thousands on platters and platters of gluttonous greed, it is hypocritical to coax the public to not spend so much. Just like what Kilusang Magbubukid ng Pilipinas (KMP) suggests to officials, why don’t they try to serve a P500 Noche Buena for their families to see if they can make their own numbers work? In truth, they do not even have the word “budget” on their tongues, when they can mindlessly spend thousands on steak, wine, fireworks, and gifts without batting an eye.

In the end, the DTI’s P500 Noche Buena claim is not just an accounting error—it is a failure. What they can do is not romanticize a low-cost meal and think we are contented by that, but rather make sure that Christmas products, not only in the range of Noche Buena, are affordable for Filipinos. It is high time to step down from the blinding glory of their thrones and to open their eyes to the struggles of everyday Filipinos. Anything less is not just out of touch—it is unforgivable. Especially during the season of joy, Christmas.",published,https://fgojhhgqpvnwtcqkornz.supabase.co/storage/v1/object/public/thumbnails/1790757043117-vnqpg3.webp,2026-09-30 17:18:11.051+00,2026-09-30 08:30:44.398072+00,,,Sheena C. Panelo,,false,,,,,1,,,,column
14e6a032-3b45-470e-b01e-b68569dcfcba,"TSU yields 50 new psychometricians in 2026 PmLE, first-time takers surpass nat'l passing rate",news,Trixie L. Galulu,2026-09-24,1 min,,"A total of 50 Bachelor of Arts in Psychology graduates of Tarlac State University (TSU) passed the September 2026 Psychometricians Licensure Examination (PmLE), per the results released by the Professional Regulation Commission (PRC), September 23.

The university produced an 89.29% institutional passing rate, following closely behind the 91.73% passing rate posted by all examinees from all universities and colleges in the Philippines.

Meanwhile, TSU’s performance stood out further among its first-time takers, who recorded a 94.12% passing rate, outperforming both its overall standing and the national average.

The Work congratulates all the newly licensed TSUian psychometricians, wishing you all success in your future endeavors.",published,https://fgojhhgqpvnwtcqkornz.supabase.co/storage/v1/object/public/thumbnails/1790606173622-1lkq3r.jpeg,2026-09-30 16:14:37.316+00,2026-09-28 14:36:14.739446+00,,,Rhian Justine A.D. Dela Cruz,,false,,,,,3,,,,university
20dcca94-2419-496d-b76d-eb6292e4af2f,Recalling the Horrors,opinion,,2026-09-21,2 min,"The country is living in the past. More than five decades have passed since the late president, Ferdinand Marcos Sr.","The country is living in the past. More than five decades have passed since the late president, Ferdinand Marcos Sr. had placed the whole nation under Martial Law, which legalized the arrest of opposition figures, journalists, and activists on the night after the signing of Proclamation No. 1081. 

The Work, the official student publication of Tarlac State University recognizes the 54th anniversary of the declaration of Martial Law in the Philippines. The Work vehemently recalls the dreadful era of suspending the constitution, dissolving the legislature, and ruling by decree. 

Numerous historical documents have demonstrated that during the Martial Law era, there were numerous human rights abuses in the areas of arrest and detention, enforced disappearances, murders, and torture of those who opposed his decree. An estimated 3,240 people died, 34,000 were tortured, and 70,000 were imprisoned. Numerous Filipinos who witnessed and experienced the numerous atrocities committed during that period have acknowledged that the Marcos era caused them to suffer psychologically and physically, and that daily survival has been a fascinating concept in their lives.

In line with this, The Work stands in solidarity with the victims of the past dictatorship, while fervently highlighting that the Martial Law era is nothing but a blatant personal greed of the Marcoses that had left the Philippines to downfall due to the horrors of social injustices, extreme corruption, and abuse of power. 

History may repeat itself, for the incumbent president looks and acts exactly like his father. What was once practiced by his parents has become the legacy of their family—and that is to control, dictate, and extract the country off of its resources, leaving it economically paralyzed for years. 

But we will not be silenced. Allowing a dictator’s son to lead is nothing but a mistake that the nation must never commit again. 
It is imperative that we never allow the bloody past to recur and condemn this country to any more atrocities or potential dictatorship. The Work honors the struggles and hardships of the Filipino masses, who have been the most vulnerable victims of the iron-fisted tyrant, alongside the silenced journalists and activists.

In addition to commemorating the 54th anniversary of the blood of those courageous enough to stand up and defend the voiceless and oppressed, may this day serve as a reminder that we are still fighting to preserve democracy, which was once taken from us.
Let us not forget. Never again.",published,https://fgojhhgqpvnwtcqkornz.supabase.co/storage/v1/object/public/thumbnails/1790755352531-u4s70a.webp,2026-09-30 22:40:38.341+00,2026-09-30 08:01:46.370086+00,,,,,true,2026-09-21 05:04:00+00,,,,5,,,,editorial
21e7994e-1064-43b0-ad6a-23f63b8cb9e0,COMSELEC commissioner calls for “peaceful election” amid council controversies,news,Kleyn Abigail F. Fernandez,2026-05-17,4 min,"With the recent split and ongoing dispute within the incumbent Supreme Student Council (SSC), Committee on Student Elections (COMSELEC) commissioner and Screening Officer Lance Navarro criticized the involved parties for allegedly being…","With the recent split and ongoing dispute within the incumbent Supreme Student Council (SSC), Committee on Student Elections (COMSELEC) commissioner and Screening Officer Lance Navarro criticized the involved parties for allegedly being “too invested in ruining each other’s images” instead of addressing pressing concerns within the University amid the campaign period.

“TSUians don’t deserve to see the things that you guys are doing. Hindi sagot ang bangayan ninyo sa dami ng problemang kailangang ayusin sa loob ng unibersidad,” he wrote in a statement posted on his Facebook account, May 16. 

“Some of you are speaking about “great leadership,” but at the same time, some of you cannot practice what you preach,” he added, encouraging the parties involved to address their concerns on the right platform.

Navarro’s statement also sparked discussions among students regarding due process, election integrity, and professionalism among student leaders during the campaign season.

𝗖𝗢𝗠𝗦𝗘𝗟𝗘𝗖 𝘂𝗻𝗱𝗲𝗿 𝗽𝘂𝗯𝗹𝗶𝗰 𝘀𝗰𝗿𝘂𝘁𝗶𝗻𝘆

Following the Facebook post, Navarro was questioned regarding the committee’s handling of separate issues involving “due process” in the disqualification case of a candidate, particularly on the alleged formality of the complaint and the recurring issue of grade qualifications which occurred last year.

“To add na rin, hindi na dapat umaabot pa sa VPAA ang isang disqualification case, lalo na’t kayo naman ang may hawak ng election at hindi ang OVPAA. Hindi ba kayang magdesisyon ng committee sa ganitong klaseng concern?” SSC President Brixter Millo asked.

Meanwhile, Navarro admitted the committee’s lapses regarding the failure to provide prior notice before the disqualification but remained firm on its basis, citing a “legal basis” anchored on the Memorandum of Agreement (MOA) signed by the candidates.

“Oo, may lapses ang committee. Hindi ka nabigyan ng notice bago i-disqualify. Pero huwag nating ihiwalay ang usapin sa mismong dahilan kung bakit ka nasampahan ng kaso in the first place,” Navarro replied.

“Hindi naman gawa-gawa lang ang issue. May legal basis iyon, at alam mo rin kung ano ang nakasaad sa Memorandum of Agreement na pinirmahan ninyo, kahit pa tinawag mo itong ‘ambiguous’ noong convenient na sa depensa mo,” he added.

The exchange of statements, which occurred a month ago, further escalated the unresolved conflicts within the student council, alongside allegations of troll farms and the circulation of defamatory statements on Facebook allegedly intended to damage the reputation of candidates vying for student council positions for the upcoming academic year.

𝗦𝗮𝗻𝗱𝗶𝗴𝗮𝗻 𝗖𝗼𝗹𝗹𝗶𝘀𝗶𝗼𝗻

On April 11, SSC President Hon. Brixter Millo released a statement criticizing Vice President Rafael Jay Valix over what he described as “selective accountability” concerning issues involving alleged bullying, invasion of privacy, financial discrepancies, forgery, unresponsiveness within the council, and the growing division inside the SSC.

Following the public statement, Valix responded through a separate post, refuting the allegations and explaining that the questioned actions were carried out collectively due to the absence of the SSC president in order to avoid delays in processing university requirements.

The statement further revealed that the division within the SSC allegedly began following Intramurals 2026 and formally surfaced on February 25, 2026, separating the council into the so-called “Team President” and the “Core Committee.”

Meanwhile, in a recent published post of the Senator in Ways and Means, Euelle Dave Capulong, May 14, he expressed the ongoing dispute within the council, airing serious allegations of document forgery or bypassing of procedures, use of troll accounts, disrespectful behavior toward members of the university community, and alleged misuse of council funds. 

He also reaffirmed that the ongoing conflict within the council should not simply be labeled as a “personal conflict” as it affects the whole student body, and is a matter of public discourse and transparency.

“Nakakalungkot rin na sasabihin nilang personal na alitan iyan. In fact, hindi personal na alitan yan kung damay ang TSUians sa mga issues at kapabayaan nila,” he replied in a comment. 

𝗡𝗲𝘄 𝘀𝗹𝗮𝘁𝗲𝘀

Consequently, the unresolved conflict within the student council led to the formation of rival political factions, with Vice President Rafael Jay Valix and Senator on Audit Jazzmine Faye Samson leading Sandigan–TSU and Alon–TSU, respectively. 

Meanwhile, Patrick Kyle “Patricia Kyla” Frias of the TSU Safe Space Society (SSS) is also set to contest the presidential position under a newly formed political bloc, Ligtas–TSU.

As of writing, no official resolution has been publicly released regarding the issues raised between the opposing SSC factions and the questioned disqualification case ahead of the upcoming student elections later this May.",published,https://fgojhhgqpvnwtcqkornz.supabase.co/storage/v1/object/public/thumbnails/1790765596110-dpjugv.webp,2026-09-30 16:10:04.952+00,2026-09-30 10:52:57.379985+00,Andrei P. Opeña,,,,false,,,,,1,,,,university
27380b93-4883-4212-b77c-11c381706171,Bomb threat halts operations at TSU; campuses on lockdown as inspection underway,news,Clarisse T. Fajardo,2026-06-23,2 min,"Midyear classes, enrollment, and other student activities in Tarlac State University (TSU) today have been suspended following an undisclosed report of a bomb threat received this morning, June 23.","Midyear classes, enrollment, and other student activities in Tarlac State University (TSU) today have been suspended following an undisclosed report of a bomb threat received this morning, June 23. 

According to students at the Main Campus, security guards disallowed them from entering the school premises without a reason, finding out later that it was due to a reported bomb threat. 

“Actually, pagkadating namin sa campus, wala naman kaming kaalam-alam na may problem, (bomb threat) daw pala but understandable since biglaan. Pero that time pinapaalis kami sa campus,” an incoming second-year Psychology student shared.

“Na-frustrate and nagalit ako ng kaonti syempre. Pinapaalis na kami sa loob ng campus nang hindi malinaw na na-e-explain ‘yung sitwasyon. Hindi namin alam ang nangyayari at worried kami na baka maapektuhan ‘yung enrollment namin,” they added. 

Meanwhile, students were in TSU-Lucinda Campus due to classes and enrollment when they received the news.

Some initially took the situation lightly, but realized its severity when a security personnel intervened.

“Nung una akala po namin na joke joke lang siya hanggang sa may dumating po na guard and inabisuhan po kami na umuwi na po para raw po sa safety namin,” a College of Public Administration and Governance (CPAG) freshman said. 

“First time ko po na maka experience ng ganito, lalong lalo na po na kahapon din po ay may bomb threat po, nakakabahala po siya actually,” they added. 

Meanwhile, the security personnel of TSU said that upon receiving the information regarding the bomb threat, they immediately roamed around the campus and instructed students to go home. 

“Nung naka receive kami ng info sa taas na may bomb threat, bali inikot namin yung buong campus at nag room to room kami then pinauwi namin lahat, para na rin kasi sa safety ng mga bata,” the officer said in an interview. 

In light of this, all campuses of TSU were put on immediate lockdown as the Tarlac Police Provincial Office has yet to officially disclose results of the investigation.

TSU becomes one of the educational institutions in Tarlac to be targeted by a bomb threat this week, following similar incidents yesterday at the College of the Holy Spirit of Tarlac (CHST) and a private school in Barangay San Rafael. 

ADDENUM: In a statement released by the Tarlac City Government, after a thorough investigation, the PNP has confirmed that the bomb threat reports received by different schools and colleges were hoaxes. The link to the statement can be found here: https://www.facebook.com/share/p/1YkMpMVxRm/",published,https://fgojhhgqpvnwtcqkornz.supabase.co/storage/v1/object/public/thumbnails/1790764096227-zpobab.webp,2026-09-30 16:13:40.499+00,2026-09-30 10:27:17.786773+00,Andrei P. Opeña,Alejandro C. Enjambre,,,false,,,,,1,,,,university
2a8b6c90-c549-4af8-ade7-7e4136bc7099,"TSU Intrams ‘26 budget, pitong buwan nang hindi mailabas",news,John Hermie M. Sarceda,2026-09-28,3 min,,"Pitong buwan matapos ang 2026 Tarlac State University (TSU) Intramurals, hindi pa rin nailalabas o naiproproseso ang ₱1.5 milyon na inilaan para sa gastusin ng mga atleta mula sa sampung kolehiyo ng pamantasan sa ilalim ng Supreme Student Council (SSC), dahilan upang maiwan ang ilang College Student Councils (CSC) na may mga hindi pa nababayarang obligasyon.

“Seven months, wala pa rin ho na ibabalik. Natural ang mga suppliers, ang mga tumulong sa atin na venues, seven months, hindi pa rin ho nababayaran,” pahayag ni TSU President Dr. Jasper Jay Mendoza. 

Tinalakay ang usapin sa isang pulong ng mga kinauukulang opisina at student leaders matapos maantala ang pagproseso ng nasabing pondo. 

Ayon sa mga pahayag sa pulong, hinati ang ₱1.5 milyon batay sa bilang ng mga atleta ng bawat kolehiyo, kung saan nakalaan ang ₱135,000 hanggang ₱160,000 bawat college.

Ayon sa Finance Committee na pinamumunuan noon ni dating SSC Senator on Finance Kyla Reyes, nakumpleto at naipasa na ang mga kinakailangan, kabilang ang payroll at iba pang dokumento ng mga kolehiyo. May tala rin ng pisikal na pagsusumite ng mga dokumento sa Sports Development and Management Unit (SDMU) noong Hunyo 16, na sinundan ng follow-up noong Hunyo 19.

“We’ve already done our part sa Finance Committee. Inayos na namin lahat ng kailangan ayusin sa requirements, inayos namin lahat ‘yun ng ilang buwan, then nag-pass na kami ng requirements, compiled, sa SDMU,” ani Reyes.

Dagdag pa ni Reyes na sinubukan nilang magpapirma ng log sheet kay SDMU Director Dr. George De Vera bilang tanda na natanggap na ng opisina ang mga dokumento.

“Pero po, ang sagot ni Sir George sa amin 'Na-receive ko na, ipapakuha ko na lang sa clerk ko.' Kaya hindi na namin din natuloy ipapirma ‘yung log sheet.”

Samantala, binanggit ni SDMU Director George De Vera na “As far as I remember, ang sabi ng in-charge sa Finance, okay na lahat ‘yung document.”

Gayunpaman, nang magsagawa ng follow-up sa iba pang tanggapan, hindi umano nakita sa Accounting, Budget, BPA, at Cashiering Office ang mga dokumentong kaugnay ng ₱1.5-milyong request. Dahil dito, nananatiling hindi malinaw kung saan nahinto ang proseso.
“Sobrang tagal na rin po, inabot na po ng 5 months mahigit. Hindi po kami nakakuha ng update sa both po, finance and sa SDMU. Kaya nag-aantay lang po kami nang nag-aantay,” banggit ni dating SSC President, Brixter Millo.

Sa diskusyon, lumitaw na kapwa naging bahagi ng proseso ang Finance Committee at SDMU, habang binigyang-diin din ng mga opisyal na kailangang dumaan sa kaukulang university process ang paghahanda at pagproseso ng mga dokumento para sa sports-related expenses.

Samantala, ang pagkaantala ng pondo ay nag-iwan ng mga gastusing kailangang saluhin ng ilang college governors. Ayon sa mga napag-usapan, may ilang utang sa print shops na umaabot sa ₱80,000 hanggang ₱100,000, bukod pa sa mga bayarin para sa venues at iba pang suppliers.

Kabilang dito ang hindi pa nababayarang bayarin sa College of the Holy Spirit, na ginamit bilang venue para sa isang sports category. 
Binigyang-diin sa pulong na pitong buwan nang hindi nababayaran ang ilang suppliers at venues na naging bahagi ng pagsasagawa ng Intramurals.

Bilang tugon, iminungkahi sa pulong na muling tipunin at ayusin ang mga dokumentong kinakailangan upang maipagpatuloy ang pagproseso ng pondo. Kabilang dito ang mga kopya ng approved budget request, payroll, at iba pang supporting documents na maaaring magsilbing patunay ng naunang pagsusumite.

“Provide the necessary requirements and documents. Then, we will help you facilitate this. We will give you the funds. But provided to complete all documents,” dagdag ni Pres. Mendoza.

Sa pagtatapos ng talakayan, hiniling ang pagtutulungan ng Finance, SDMU, at student regent upang makumpleto ang mga kinakailangan at maipagpatuloy ang proseso ng paglalabas ng pondo.",published,https://fgojhhgqpvnwtcqkornz.supabase.co/storage/v1/object/public/thumbnails/1790611305354-nxcjyb.jpeg,2026-09-30 13:51:34.752+00,2026-09-28 11:20:42.753881+00,,Alejandro C. Enjambre,Rhian Justine A.D. Dela Cruz,iannepoginheheh,false,,,,,8,,,,university
3213f25b-f9b4-4131-ad05-021555c1a1ad,"TSU-OSR, SSS seal lived name process for 2026 grad rites; implementation guidelines still pending",news,Trixie L. Galulu,2026-07-22,2 min,"The Tarlac State University - Office of the Student Regent (TSU-OSR), in joint representation with the Safe Space Society (SSS), has secured the policy that will allow this year’s graduating students to have their lived names visually and…","The Tarlac State University - Office of the Student Regent (TSU-OSR), in joint representation with the Safe Space Society (SSS), has secured the policy that will allow this year’s graduating students to have their lived names visually and verbally recognized during the 37th Commencement Exercises.

The Office of Gender and Development (OGAD), however, has confirmed that concrete guidelines on its implementation have yet to be finalized.

Formally submitted on July 16, the Petition for the Adoption and Implementation of the Lived Names Process for Graduating Students pushes for acknowledgement of the names that transgender, non-binary, and other LGBTQIA+ students authentically identify with.

In line with the Safe Spaces Act (RA 11313) and Commission on Higher Education (CHED) Memo Order no. 01, s. 2015, the petition also draws from similar policies already implemented at other institutions such as the University of the Philippines (UP), Polytechnic University of the Philippines (PUP), and Far Eastern University (FEU).

Under this, graduates then would be called by their preferred names as they cross the stage, but the request covers only verbal announcements and screen displays, and will not alter official legal documents to keep the process compliant with existing legal standards.

In a Facebook post, the TSU-SSS celebrated the development, considering it not only a name change but a recognition of the dignity, identity, and everyone’s right to be recognized for who they truly are.

“Ito ang patunay na kapag sama-samang sumusugod at lumalaban, may mga guhit na hindi na kailanman mabubura!” the TSU-SSS added.

The OSR echoed similar sentiments, saying: “This breakthrough proves that when student leaders and institutional leaders align on student rights, transformative change occurs. To the Graduating Class of 2026, march proudly into the world as you truly are.”

Both the TSU-SSS and OSR thanked the Offices of Admission and Registration, Student Affairs and Services, the Vice President for Academic Affairs, and the University President for their continued support for the student-led initiative, resulting in another major milestone in the promotion of a more inclusive campus.

Meanwhile, now that the approval has been publicized, TSUians are advised to hold off on submitting their requests until further instructions on the implementation process are released.

Once the details on the guidelines are finalized, graduating students who want to have their lived names during the commencement rites will be asked to pass their information through an official link to be circulated via their respective department group chats.",published,https://fgojhhgqpvnwtcqkornz.supabase.co/storage/v1/object/public/thumbnails/1790762327550-xn5u5r.webp,2026-09-30 16:11:07.052+00,2026-09-30 09:58:49.325774+00,,Alejandro C. Enjambre,Nathaniel P. Tintero,,false,,,,,2,,,,university
369acf4b-4e11-4dc5-8cf7-b563098f17e6,Walang Sisidlang Daing: Paano Magsasalita ang Bayang Kapos sa Hininga?,features,Leanne Chrizelle C. Sarmiento,2026-09-28,4 min,,"Tuwing Agosto, kasabay ng paggunita sa ating wika ang panunumbalik ng madilim na langit, ang tila walang katapusang pagbuhos ng ulan, at ang muling pagbisita ng rumaragasang tubig-baha. 

Ang ating wika ay mismong hininga ng ating karanasan. Hinihingal. Kinakapos. Natatapos. Kung marinig man ng langit ang hinaing mo at dasal, may ginhawa.

Hinuhubog ito ng ating kolektibong danas. 

Sapagkat ang karanasan ng Pilipino ay nakasulat na sa bawat salitang may kinalaman sa paghinga—dahil sa bansang ito, ang maging buhay at umiral ay isang araw-araw na pakikipagsapalaran.

Sabi ng ating pambansang bayani, “𝘈𝘯𝘨 𝘩𝘪𝘯𝘥𝘪 𝘮𝘢𝘳𝘶𝘯𝘰𝘯𝘨 𝘮𝘢𝘨𝘮𝘢𝘩𝘢𝘭 𝘴𝘢 𝘴𝘢𝘳𝘪𝘭𝘪𝘯𝘨 𝘸𝘪𝘬𝘢 𝘢𝘺 𝘮𝘢𝘴 𝘮𝘢𝘴𝘢𝘩𝘰𝘭 𝘱𝘢 𝘴𝘢 𝘩𝘢𝘺𝘰𝘱 𝘢𝘵 𝘮𝘢𝘭𝘢𝘯𝘴𝘢𝘯𝘨 𝘪𝘴𝘥𝘢.” 

Mahal naman natin ang ating wika. Hindi rin tayo ang hayop. At higit sa lahat, hindi sa atin galing ang lansa. 

𝗣𝗲𝗿𝗼, 𝗯𝗮𝗸𝗶𝘁 𝘁𝗮𝘆𝗼 𝗮𝗻𝗴 𝗸𝗮𝗶𝗹𝗮𝗻𝗴𝗮𝗻𝗴 𝗺𝗮𝗺𝘂𝗵𝗮𝘆 𝗻𝗴 𝗹𝘂𝗯𝗼𝗴 𝘀𝗮 𝘁𝘂𝗯𝗶𝗴𝗮𝗻 𝗸𝘂𝗻𝗴 𝗵𝗶𝗻𝗱𝗶 𝘁𝗮𝘆𝗼 𝗮𝗻𝗴 ‘𝗶𝘀𝗱𝗮’?

Hindi na bago ang sunod-sunod na hagupit ng bagyo tuwing sasapit ang buwan ng Agosto. Hindi na rin nakagugulat ang bahang laging binabantayan sa tuwing bumubuhos ang ulan—ang mga tulo ng tubig sa butas na yero, mga timba at palangganang nakakalat sa sahig upang saluhin ito, at ang nakaugaliang pagtitiis nating mga Pilipino.

Ngunit kasabay ng paghupa ng tubig ang ating ala-ala. 

Ito marahil ang sinasabi nilang panganib ng natapos na delubyo. Aanurin pabalik sa ilog ang galit ng puso, at magiging ga-putik sa labo ang maiiwang hustisya.

Sa mga pahayag ni Malacañang Press Officer Usec., Claire Castro, malinaw na hindi lang sakuna ang kalaban ng mga Pilipino, maging ang sistemang nakakulong sa magagarang bubong ng palasyo.

“𝘏𝘪𝘯𝘥𝘪 𝘬𝘢𝘺𝘢 𝘯𝘨 𝘢𝘵𝘪𝘯𝘨 𝘨𝘰𝘣𝘺𝘦𝘳𝘯𝘰 𝘯𝘢 𝘮𝘢𝘨𝘵𝘳𝘢𝘣𝘢𝘩𝘰 𝘯𝘢𝘯𝘨 𝘮𝘢𝘨𝘵𝘳𝘢𝘣𝘢𝘩𝘰, 𝘱𝘦𝘳𝘰 𝘢𝘯𝘨 𝘢𝘵𝘪𝘯𝘨 𝘮𝘨𝘢 𝘬𝘢𝘣𝘢𝘣𝘢𝘺𝘢𝘯 𝘢𝘺 𝘱𝘢𝘣𝘢𝘺𝘢 𝘯𝘢𝘯𝘨 𝘱𝘢𝘣𝘢𝘺𝘢. 𝘓𝘢𝘩𝘢𝘵 𝘱𝘰 𝘵𝘢𝘺𝘰 𝘢𝘺 𝘮𝘢𝘨𝘵𝘶𝘭𝘶𝘯𝘨-𝘵𝘶𝘭𝘶𝘯𝘨𝘢𝘯. 𝘓𝘢𝘩𝘢𝘵 𝘱𝘰 𝘵𝘢𝘺𝘰 𝘳𝘪𝘵𝘰 𝘢𝘺 𝘥𝘢𝘱𝘢𝘵 𝘬𝘶𝘮𝘪𝘭𝘰𝘴. 𝘏𝘪𝘯𝘥𝘪 𝘱𝘸𝘦𝘥𝘦𝘯𝘨 𝘯𝘢𝘨𝘬𝘶𝘬𝘶𝘺𝘢-𝘬𝘶𝘺𝘢𝘬𝘰𝘺 𝘭𝘢𝘯𝘨 𝘵𝘢𝘺𝘰 𝘭𝘢𝘨𝘪.”

Sinasabing ang isda ay nahuhuli sa sarili nitong bibig. At sa pagkakataong ito, ang mga nasa taas mismo ang nabibingwit sa sarili nilang dila—ang lansa ng kanilang mga pahayag ay umaalingasaw kasabay ng daloy ng baha.

𝘚𝘢𝘯𝘢𝘺𝘢𝘯 𝘯𝘢 𝘭𝘢𝘯𝘨. 

Sabi nga nila Mang Carlos, isang magsasaka mula sa Concepcion, Tarlac, sanayan na lang. Hindi na bago para sa gaya nila na malunod sa pawis at baha sa gitna ng mga nakadapa’t nasirang pananim. Hindi na rin bago na marinig silang sisihin. 

Gayundin ang walang pagbabago sa Camiling, Tarlac, kung saan ang pinakamahal na 𝘧𝘭𝘰𝘰𝘥 𝘤𝘰𝘯𝘵𝘳𝘰𝘭 𝘱𝘳𝘰𝘫𝘦𝘤𝘵 sa bansa ang siya pang unang sumuko sa agos.

𝗞𝘂𝗻𝗴 𝗮𝗻𝗴 𝗺𝗴𝗮 𝗯𝗮𝗸𝗮𝗹 𝗻𝗮 𝗯𝘂𝗵𝗮𝘁 𝘀𝗮 𝗺𝗶𝗹𝘆𝗼𝗻𝗲𝘀 𝗻𝗴 𝗸𝗮𝗯𝗮𝗻 𝗻𝗴 𝗯𝗮𝘆𝗮𝗻 𝗮𝘆 𝗸𝗮𝘆 𝗱𝗮𝗹𝗶𝗻𝗴 𝘀𝘂𝗻𝘁𝘂𝗸𝗶𝗻 𝗻𝗴 𝗵𝗮𝗯𝗮𝗴𝗮𝘁, 𝗵𝗶𝗻𝗱𝗶 𝗺𝗼 𝗺𝗮𝘀𝗶𝘀𝗶𝘀𝗶 𝗸𝘂𝗻𝗴 𝗯𝗮𝗸𝗶𝘁 𝗺𝗮𝗽𝗮𝗽𝗮𝗯𝘂𝗻𝘁𝗼𝗻𝗴-𝗵𝗶𝗻𝗶𝗻𝗴𝗮 𝗸𝗮 𝘀𝗮 𝗴𝗼𝗯𝘆𝗲𝗿𝗻𝗼𝗻𝗴 𝗽𝘂𝗿𝗼 𝗽𝗮𝗻𝗴𝗮𝗸𝗼 𝘀𝗮 𝗴𝗶𝘁𝗻𝗮 𝗻𝗴 𝗸𝗮𝗹𝗮𝗺𝗶𝗱𝗮𝗱.

Kumalma man ang bagyo at humupa ang baha, maaamoy mo parin ang lansa sa mga naiwang tubig—siyang mga nilalangaw sa bulsa’t binubusal ng katotohanan sa bibig.

Sa paulit-ulit na mga tagpong ginapos ng kahirapan, siniksik sa ating isipan na lumangoy kasabay ng nakasusulasok na agos. Sa bawat pagtimbol laban sa lantak ng alon, unti-unting namumulikat ang ating kalamnan. Kasabay ng pagbitaw ng katawan, ang pagragasa sa pag-asa ng maginhawang bukas.

𝗞𝗶𝗻𝗮𝗸𝗮𝗽𝗼𝘀 𝗻𝗮 𝘀𝗮 𝗵𝗶𝗻𝗶𝗻𝗴𝗮. 𝗞𝘂𝗻𝗴 𝗵𝗶𝗻𝗱𝗶 𝗵𝗶𝗵𝗶𝗻𝘁𝗼, 𝗯𝗮𝗸𝗮 𝗵𝗶𝗻𝗱𝗶 𝗸𝗮 𝗻𝗮 𝗺𝗮𝗸𝗮-𝗮𝗵𝗼𝗻 𝗽𝗮.

Mali si Usec Castro. Hindi pabaya ang mga Pilipino. Marami tayong ginagawa, at hindi dapat ito ang pangunahing solusyon ng gobyerno. Sa kabila kasi ng paghanga sa 𝘳𝘦𝘴𝘪𝘭𝘪𝘦𝘯𝘤𝘺, kalakip nito ang isang katotohanang mahirap balewalain—ang katatagang ipinagmamalaki natin ay hindi naman tunay na likas. Ito ay may hangganan at wakas.

Higit na sumisidhi ang mga karanasang ito kapag isinasalaysay sa ating sariling wika. 

𝙎𝙖𝙥𝙖𝙜𝙠𝙖𝙩 𝙖𝙣𝙜 𝙁𝙞𝙡𝙞𝙥𝙞𝙣𝙤 𝙖𝙮 𝙝𝙞𝙣𝙙𝙞 𝙡𝙖𝙢𝙖𝙣𝙜 𝙗𝙞𝙣𝙪𝙗𝙪𝙤𝙙 𝙣𝙜 𝙢𝙜𝙖 𝙨𝙖𝙡𝙞𝙩𝙖, 𝙢𝙖𝙮 𝙢𝙜𝙖 𝙠𝙬𝙚𝙣𝙩𝙤𝙣𝙜 𝙋𝙞𝙡𝙞𝙥𝙞𝙣𝙤 𝙣𝙖 𝙥𝙪𝙢𝙪𝙥𝙪𝙠𝙖𝙬 𝙨𝙖 𝙙𝙖𝙢𝙙𝙖𝙢𝙞𝙣𝙜 𝙢𝙖𝙮 𝙙𝙞𝙞𝙣, 𝙡𝙞𝙣𝙖𝙬, 𝙖𝙩 𝙢𝙖𝙮 𝙥𝙞𝙣𝙖𝙜𝙢𝙪𝙢𝙪𝙡𝙖𝙣 𝙣𝙖 𝙨𝙪𝙜𝙖𝙩.

Kaya, kung magwiwika man ngayong Buwan ng Wika, hindi ito upang magmakaawa—kung hindi upang sapilitan silang makinig bago pa tuluyang manahimik ang bayang kinakapos sa hininga. 

*** 
Sa taon-taon na pagkalubog sa tubig-baha, itinuturing na tayong mga kayang mamuhay sa ilalim ng tubig. Kung lubog na sa baha, mahirap na ang huminga—paano pa kaya ang magsalita?

Ang isda raw ay nahuhuli sa sariling bibig, pero ang mga Pilipino’y mahuhuli ng agos kung hindi niyo maririnig. 

Kaya atin itong bigkasing sabay-sabay nang mahuli naman ng mga nasa itaas ang hinaing nating mga nasa laylayan: 𝘏𝘪𝘯𝘥𝘪 𝘬𝘢𝘮𝘪 𝘪𝘴𝘥𝘢!",published,https://fgojhhgqpvnwtcqkornz.supabase.co/storage/v1/object/public/thumbnails/1790613398016-pvae2p.jpeg,2026-09-29 12:14:49.469+00,2026-09-28 16:36:13.395181+00,Vhenus Abigail T. Bagay,,Wildred G. Lamintao,,false,,Allan P. Tipon Jr.,Stephaney Joy C. Sarmiento,,7,,,,
36beec5a-fe86-46ba-bba5-371f6dedb4b0,"TSU stude orgs, pubs stand in solidarity with Capas Aetas, residents vs. PAF’s “danger zone” restrictions",news,Andrei P. Opeña,2026-07-15,4 min,"Various recognized student organizations and publications of Tarlac State University (TSU) have stood in solidarity with indigenous peoples (IPs) and residents of Capas, Tarlac against the strict military measures imposed by the…","Various recognized student organizations and publications of Tarlac State University (TSU) have stood in solidarity with indigenous peoples (IPs) and residents of Capas, Tarlac against the strict military measures imposed by the Philippine Air Force (PAF) inside five barangays within the town, which it labeled as “danger zone.”

This comes after thousands of residents and IPs from the barangays, including Maruglo, Bueno, O'Donnell, Sta. Juliana, and Sta. Lucia, have collectively voiced their opposition to the said measures on the streets of Sitio Calanat, Barangay O'Donnell, Capas, Tarlac on July 14 to seek immediate resolutions from the PAF.

The organizations, which include the Supreme Student Council (SSC), Safe Space Society (SSS), Kaya Natin Youth - TSU Chapter (KNY-TSU), the Educators’ Gazette, and The Bureaucrat, aired their strong condemnation against the PAF’s efforts to militarize the communities, deeming it an aggressive maneuver of land-grabbing.

“Ang pagbansag sa kanilang mga pamayanan bilang mga “danger zone” upang bigyang-tuwid ang pagpapalayas at harasment ay isang marahas na taktika ng pang-aagaw ng lupa,” the TSU-SSC wrote in a statement relased on Facebook.

It added that the military and the fascist state are being utilized as instruments to displace IPs and pave the way for giant projects that prioritize foreign interests over the welfare of local Filipino citizens.

In light of this, the council called for the immediate cessation of PAF’s militarization, harassment, and intimidation, and the full recognition of the rights of IPs and the residents to their ancestral domains.

“Hindi mananatiling tahimik ang mga iskolar ng bayan habang ang ating mga karatig-komunidad sa Tarlac ay pinagkakaitan ng kanilang karapatan sa sariling lupa at karapatang mamuhay,” SSC noted.

KNY-TSU echoed similar sentiments, calling for the lifting of all the oppressive restrictions imposed by the PAF upon the communities and honoring their members’ rights as provided in the Constitution and existing human rights laws.

As a socio-political student organization advocating for ethical leadership and good governance, the group also called on government agencies to inquire into the communities’ long-standing complaints.

“The people of Capas are not enemies of the State. They are fellow Filipinos as well who deserve their rights to be protected—not oppressed. Their ancestral territories are not war trophies, nor are their lives bargaining chips to institutionalized violence,” it highlighted.

The TSU-SSS, meanwhile, in a separate statement, stated that the fight for safe spaces is also a fight for the dignity, rights, and land that indigenous peoples have long held and called home.

“Dahil ang ligtas na espasyo ay hindi lamang dapat ipinaglalaban sa loob ng pamantasan. Ipinaglalaban din ito sa bawat komunidad kung saan may mga taong patuloy na inaagawan ng boses at karapatan,” the statement read.

On the other hand, the Educators’ Gazette, official publication of the College of Education (CoEd), said that this issue is not only a land dispute but a “struggle for dignity, livelihood, and the recognition of rights that communities have long fought to protect.”

The publication also highlighted the need for the concerns of the affected communities to be “heard, investigated, and addressed through dialogue rather than force,” thus also urging concerned government agencies to immediately act and provide a rights-based resolution to the issue.

“The struggle for ancestral lands is ultimately a struggle for justice. And justice cannot exist where the voices of the people are ignored,” it concluded.

Meanwhile, The Bureaucrat, official publication of the College of Public Administration and Governance (CPAG), criticized protocols and projects that prioritize the interests of the state and giant companies towards their so-called “development.”

“Walang pag-unlad na makatarungan kung nagsisimula ito sa pagpapalayas, pananakot, at pagyapak sa karapatan ng mga unang tagapag-alaga ng mga lupaing ito,” the publication emphasized, calling for the preservation of ancestral lands, rejection of imperialist exploitation Philippine natural resources, and an end to development aggression.

Apart from the above organizations, the Alliance of Concerned Students (ACS) - TSU and Sandigan - TSU also expressed their support for the communities’ assertion of their rights, arguing that militarization and fascism should never be used to detrimentally affect local citizens only to uphold oppressive foreign interests.",published,https://fgojhhgqpvnwtcqkornz.supabase.co/storage/v1/object/public/thumbnails/1790763707061-ijyio2.webp,2026-09-30 16:13:31.799+00,2026-09-30 10:04:12.335515+00,,Nikka I. Salamanca,Noah Justin B. Pascua,,false,,,,,0,,,,university
3aaf6ca4-25e4-4522-a89a-ea86150e9637,"Pagbaha, nagtulak sa mga pamilya na lumikas sa Paniqui, Tarlac",news,Alyssa L. Cerezo,2026-08-31,2 min,"‎Dahil sa Habagat, ilang komunidad sa Paniqui, Tarlac ang napilitang lumikas patungo sa Balaoang National High School (BNHS) matapos tumaas ang tubig sa mga bahagi ng Barangay Aduas at Balaoang noong Linggo, Agosto 30.","‎Dahil sa Habagat, ilang komunidad sa Paniqui, Tarlac ang napilitang lumikas patungo sa Balaoang National High School (BNHS) matapos tumaas ang tubig sa mga bahagi ng Barangay Aduas at Balaoang noong Linggo, Agosto 30.
‎
‎Sa Purok Pangasinan, Barangay Aduas, iniulat ng isang residente na nagsimulang tumaas ang tubig-baha bandang alas-8:30 ng gabi noong Sabado, Agosto 29. Bagama’t bahagyang bumaba ito bandang alas-10 ng gabi, muli itong tumaas pagsapit ng ala-1 hanggang alas-3 ng madaling-araw noong Linggo. Hindi umano inaasahan ng mga residente ang biglaang pagtaas ng tubig, na umabot sa lagpas-tuhod sa ilang bahagi ng lugar, kaya napilitan ang ilan na humanap ng mas ligtas na matutuluyan.
‎
‎Bandang alas-8 ng gabi noong Sabado, nagtungo rin umano sa lugar ang lokal na pamahalaan, kabilang ang alkalde, upang magbigay ng tulong sa mga residente. Ayon sa ulat, bumalik ang mga ito bandang alas-5 ng madaling-araw upang ipagpatuloy ang pagtugon sa mga apektadong pamilya.
‎
‎Humigit-kumulang 200 pamilya ang naiulat na naapektuhan sa lugar; ang ilan ay piniling lumikas habang ang iba naman ay nanatili upang bantayan ang kanilang mga tahanan at ari-arian. Gayunpaman, sinabi ng isang residenteng nagngangalang Ruth Aquino na, “Wala nang natira, dahil sobrang taas at hindi inaasahan ang baha.”
‎
‎Samantala, iniulat ng mga residente sa Core Balaoang na umabot sa lagpas-tuhod ang tubig-baha, at sa ilang bahagi ng mga kalsada ay umabot pa ito hanggang sa katawan (torso) bandang alas-3:00 ng madaling-araw ng Linggo. Tumulong ang mga opisyal ng barangay sa mga apektadong residente sa pamamagitan ng pagbibigay ng transportasyon at iba pang uri ng tulong.
‎
‎Sinimulan ng lokal na pamahalaan ng Paniqui ang relief operations noong madaling-araw ng Linggo, bandang alas-5:00 ng umaga, sa pamamagitan ng pagbibigay ng mga pangunahing pangangailangan. Gayunpaman, may ilang pamilya—kabilang ang mga sanggol—na hindi nakatanggap ng relief goods at napilitang matulog sa basang karton.
‎
‎Nagdulot din ang pagbaha ng pagsasara ng kalsada sa Rang-Ayan Bridge matapos ma-trap ang mga trak at iba pang mabibigat na sasakyan habang sinusubukang tumawid. Naiulat na nakadaan pa rin ang mga magagaan na sasakyan, tulad ng mga motorsiklo at tricycle, habang naglagay naman ng mga checkpoint sa mga kalapit na kalsadang patungo sa Pangasinan at Camiling. Bandang alas-6:30 ng gabi, naiulat na bumalik na sa normal ang antas ng tubig sa Rang-Ayan Bridge.
‎
‎Gayunpaman, patuloy pa ring bumabangon ang mga residente sa mga apektadong komunidad mula sa epekto ng pagbaha, kung saan ang ilan ay nangangailangan pa rin ng mga pangunahing pangangailangan at tulong.",published,https://fgojhhgqpvnwtcqkornz.supabase.co/storage/v1/object/public/thumbnails/1790756732842-w0f9ug.webp,2026-09-30 13:51:26.261+00,2026-09-30 08:25:33.539265+00,,Nikka I. Salamanca,,,false,2026-08-31 15:27:00+00,,,,2,,,,local
5df9357a-46d1-4028-83de-92a264bffe05,Kasing-Lagkit at Kasing-Tamis: Ang Mahabang Kwento ng Paskong Pinoy,features,Alelie Jade J. Mallari,2026-09-30,6 min,Hindi lamang sa mga nakasabit na parol o himig ng mga batang nagsisikantahan maaaninag ang pagsapit ng Pasko.,"Hindi lamang sa mga nakasabit na parol o himig ng mga batang nagsisikantahan maaaninag ang pagsapit ng Pasko. 

Marahil, kung tatahakin mo ang bawat kalsada’t lansangan, mababatid mo na nanunuot na sa simoy ng malamig na hangin ang Pasko bago pa man ito tuluyang sumapit. Sa bawat sulok, may kung anong unti-unting nagbabago. Mas nagiging madalas ang mga bahid ng pula, berde’t puti sa mga 𝘤𝘰𝘮𝘮𝘦𝘳𝘤𝘪𝘢𝘭 at magasin. Mas kumokonti ang mga sangkap na nabibili para sa mga 𝘧𝘳𝘶𝘪𝘵 𝘴𝘢𝘭𝘢𝘥 at 𝘴𝘱𝘢𝘨𝘩𝘦𝘵𝘵𝘪. Mas tumatapang ang amoy ng mga keso’t usok na sumisingaw mula sa pugon kung saan tila namamahay ang sarap ng bibingka’t puto bumbong.

At bago pa man natin mapansin, ika nga nila—Pasko na naman!

Unti-unti itong sumisiksik sa pagitan ng mga karaniwang araw. Sa mga awitin ni Jose Mari Chan at Mariah Carey na paulit-ulit na umaalingawngaw mula sa mga tindahan, sa mga pabatid sa lahat ng 𝘤𝘩𝘢𝘯𝘯𝘦𝘭 ng balita sa mga natitirang araw bago ang Pasko, at sa mga mukha ni 𝘚𝘢𝘯𝘵𝘢 𝘊𝘭𝘢𝘶𝘴 na nakapaskil sa halos lahat ng pintuan.

Ganito sinusukat ang pagdating ng kapaskuhan sa Pilipinas—hindi mula sa mga numero’t pahina ng kalendaryo, kundi sa mga maliliit na pagbabagong nagiging sangkap para sa isang malasang Pasko.

𝗣𝗮𝘀𝗸𝗼 𝗻𝗮 𝗡𝗮𝗺-𝗻𝗮𝗺!

Hindi minamadali ang tunay na sarap. 

Tulad ng Pirurutong na kailangan ibabad nang matagal sa tubig upang palabasin ang malambot na tekstura at matingkad na kulay lila nito. Sa kulturang Pilipino, ang pagdiriwang sa pasko ay hindi lamang isang kaganapan na nangyayari sa isang iglap, kundi isang mahaba at dahan-dahan na paghubog—isang tradisyon na sumisibol mula Setyembre hanggang Disyembre. 

Ang 𝘉𝘦𝘳 𝘔𝘰𝘯𝘵𝘩𝘴 ay ang ating sariling proseso ng pagbabad. Hindi sa tubig, kundi sa pananabik sa isang pagdiriwang na tinuturing nating mga Pilipino na pinaka perpektong kanlungan ng sigla at pagmamahal. 

At sa pananabik na ito, dahan-dahang nabubuo ang ang liwanag ng mga parol, sumusulpot ang mga batang may dala-dalang mga basyong bote ng 𝘴𝘰𝘧𝘵𝘥𝘳𝘪𝘯𝘬𝘴 na may nilalamang maliliit na bato, bahay sa bahay ang pag-awit ng 𝘤𝘢𝘳𝘰𝘭𝘪𝘯𝘨. At dumarating na rin ang lumalakad na halimuyak ng ginagawang puto bumbong sa tabing kanto tuwing kailaliman ng gabi. Patunay na pagpatak pa lamang ng Setyembre ay tunay ngang buhay na ang diwa ng Pasko.

Itinuturing ang Pilipinas bilang bansang mayroong pinaka mahabang pagdiriwang ng pasko. Hindi lamang natin sinusukat sa isang petsa ang kasiyahan, dahil mula pa lamang sa paghihintay ay ibinubuhos na natin ang ating puso at sigla sa mga kaganapan. 

Sa halip na maghintay nang walang kabuluhan, binibigyang lasa na natin ang mismong proseso ng pag-aabang, dahil naiintindihan natin na ang mga magagandang bagay ay nangangailangan ng panahon— mas masarap maranasan kapag pinalipas nang matagal.

Katulad ng puto bumbong, ang pagbabad nito sa tubig ay ang tanging prosesong sumisigurado na masarap ang kinalabasan nito. Sa parehong paraan, ang tatlong buwan na paghahanda natin sa pasko ay siyang nagbibigay ng kakaibang lasa sa paskong Pilipino.

Kailanman hindi natin itinuring na nakakayamot ang paghihintay rito, sa halip, ito ay ang nagtuturing sikretong sangkap natin sa isang maligaya, at masiglang pasko.

Dahil kapag naiahon na sa paghihintay ang mga Pilipino, dito na lilitaw ang tunay na kagandahan ng ating pagkatao. Nagiging malambot ang pusong tumigas bunsod sa mga ibinigay na pagsubok ng mga naunang buwan. Ngayo’y handang handang isalang sa init ng pagmamahal tuwing kapaskuhan. 

𝗕𝘂𝗱𝗯𝗼𝗱 𝗻𝗴 𝗨𝗯𝗼𝗱 𝗻𝗮 𝗣𝗮𝗴𝗺𝗮𝗺𝗮𝗵𝗮𝗹

          Habang nakasalang ang bumbong sa umuusok na lansungan, kumakawala ang pinakamayamang halimuyak nito na tila bang nagbibigay sa atin ng lansangan patungo sa paskong kay sarap salubungin—lalo na kapag hinaluan ng init ng pagmamahalan sa ilalim ng ating sari sariling mga bubong.

            At tuwing ang halimuyak na ito ay sumusuot sa ating mga ilong, ang pasko ay hindi na lamang petsa na basta basta lamang nakaguhit sa kalendaryo—kundi, isang paalala na ang tunay na tamis ng pasko ay ang pag-alam na ang mahabang panahon ng ating pagbabad sa paghihintay ay hindi nasayang, bagkus, isang linamnam na kay sarap namnamin.
           
          Kada paikot ng monito monita, sa mga simpleng twalya’t tasang paulit-ulit ma’y palaging may bitbit na pag-alala, at sa mga bukas na palad na inilalahad sa mga ninong at ninang, hindi lamang napupuno ang ating mga kamay sa pagtanggap, kundi dahan-dahang rin humuhubog sa ating puso ang natutuhang pagpapahalaga, pagpapasalamat, at pagmamahal.

          Bawat pagkurap ng nakasinding parol sa mga kalsada ay siyang nagtataboy sa anino na nasisilayan ng ating mga mata—nagpapaalala na sa huling yugto ng taon ay laging may nakalaang ginhawa at saya.

      Marahil, ito siguro ang lihim kung bakit maagang gumigising at matagal humihinga ang pasko sa ating bansa. Dahil sa loob ng tatlong daan at animnapu’t araw, pasan natin ang samu’t saring bigat at mga tahimik na dusa, kaya nama’y ang apat na buwang pagdiriwang ay nagsisilbing takasan kung saan panandaliang nalilimot ang sugat ng kahapon.

𝗣𝗮𝗻𝗹𝗮𝘀𝗮𝗻𝗴 𝗣𝗶𝗻𝗼𝘆

	Hindi nagtatapos sa paglabas ng puto bumbong mula sa kawayan ang paghahanda nito. Sapagkat bago ito tuluyang ihain, nilalagyan pa ito ng mga pang-ibabaw na siyang nagbibigay ng karagdagang kulay at linamnam—ang nilusaw na mantikilya, mala-kayumangging asukal, at kinudkod na niyog. 

Marahil, sa unang tingin ay hindi naman ganoon kalaki ang naidudulot ng mga ito. May sariling tamis na nga naman ang pirurutong na bagong ahon mula sa kawayan—ekstra na lamang ang linamnam na dala ng lusaw na mantikilya at asukal. Hindi na rin naman kailangang gamitin ang mga kinudkod na niyog bilang palamuti sa puto bumbong. Subalit sa kabila ng ito, hindi maitatanggi na ang mga maliliit na bagay na gaya ng mga pang-ibabaw na ito ang siyang nagbibigay rito ng lasa na madaling makilala at matawag na 𝘢𝘵𝘪𝘯.

	Hindi mo mahahanap ang halina at tamis ng puto bumbong sa 𝘨𝘪𝘯𝘨𝘦𝘳𝘣𝘳𝘦𝘢𝘥 ng mga Amerikano. Iba rin ang lambot at lagkit ng 𝘮𝘰𝘤𝘩𝘪 ng mga Hapon. Hindi mo magagawang iluto ang puto bumbong gamit ang kasangkapan na para sa gingerbread. Hindi mo rin magagamit ang lansungan na para sa puto bumbong upang makuha ang malambot at malagkit na pagkayari ng 𝘮𝘰𝘤𝘩𝘪. 

	Hindi kailangang magkakatulad ang mga panimpla at pang-ibabaw ng bawat panghimagas upang matawag itong malasa. Sa halip, ang mga sari-sariling sangkap at proseso ng paghahanda ng mga ito ay ang siyang nagbibigay sa mga ito ng kanilang sariling diwa at pagkakakilanlan. 

	Ganoon din ang pasko. Ipinagdiriwang ito sa iba’t ibang panig ng mundo, ngunit bawat kultura ay may sari-sariling paraan ng paglalagay ng lasa rito. Sa Paskong Pilipino, hindi lamang iisang tradisyon ang itinuturing sangkap upang matawag itong 𝘢𝘵𝘪𝘯. Gaya ng mga pang-ibabaw sa puto bumbong, yari ang Paskong Pilipino sa pinagsama-samang katas ng kulturang Pilipino gaya paggawa ng parol, Simbang Gabi, awiting pamasko, 𝘤𝘢𝘳𝘰𝘭𝘪𝘯𝘨, maagang paghahanda, at mga hapag na pinagsasaluhan tuwing 𝘯𝘰𝘤𝘩𝘦 𝘣𝘶𝘦𝘯𝘢.

	Ngunit tulad ng puto bumbong, hindi rin natatapos ang Pasko sa sandaling ito’y maihain at maubos. 

	Nananatiling nakasabit ang mga parol sa harap ng mga tahanan. Tuwing gabi, binubuhay pa rin ng mga makukulay na ilaw ang bubong ng bawat bahay. Iniinit muli ang mga tirang pagkain na pinagsaluhan noong 𝘯𝘰𝘤𝘩𝘦 𝘣𝘶𝘦𝘯𝘢. Minsan, maririnig pa rin ang halinghing ng 𝘈𝘭𝘭 𝘐 𝘸𝘢𝘯𝘵 𝘧𝘰𝘳 𝘊𝘩𝘳𝘪𝘴𝘵𝘮𝘢𝘴 sa mga tindahan. At higit sa lahat, tuloy tuloy pa rin ang pagsasama-sama ng bawat pamilya hanggang sumapit ang Bagong Taon.

	Gaya ng puto bumbong na dumaan sa pagbababad, pagpapasingaw, at nilagyan ng asukal, lusaw na mantikilya, at kinayod na niyog, ang Pasko ay inihahain rin upang maubos—𝘮𝘢𝘵𝘢𝘱𝘰𝘴. Ngunit dala ng kapanabikan ng bawat Pilipino, ang lasa ng Pasko ay nananatili pa rin sa dila ng mga tao. 

Dahil oo nga naman, sabagay, mayroong mga ilang bagay na mas masarap namnamin kapag hindi minamadaling matapos.",published,https://fgojhhgqpvnwtcqkornz.supabase.co/storage/v1/object/public/thumbnails/1790753969045-ig17is.webp,2026-09-30 17:50:32.877+00,2026-09-30 07:39:31.173753+00,Leanne Chrizelle C. Sarmiento,,Sheena C. Panelo,,false,,,Stephaney Joy C. Sarmiento,,15,,,,
701183e3-66b6-4159-b171-7730e8981385,"TSU welcomes first visually impaired students, pushes for more inclusive education",news,Andrei P. Opeña,2026-07-14,3 min,"In line with its ongoing efforts to champion a more inclusive tertiary education, Tarlac State University (TSU) formally welcomed its first two visually impaired students Marvin David Gamasa, 20, and Andrie Helric Pangilinan, 18, at the…","In line with its ongoing efforts to champion a more inclusive tertiary education, Tarlac State University (TSU) formally welcomed its first two visually impaired students Marvin David Gamasa, 20, and Andrie Helric Pangilinan, 18, at the Office of the University President (OUP), July 10.

Both students qualified for the university’s Differently-Abled Individuals Scholarship Program, which granted them 7,000 pesos each for book allowance and stipend for the first semester of academic year 2026–2027.

Gamasa, an honor student at Sto. Cristo Integrated School who plans to take up a Bachelor of Secondary Education major in English degree at TSU, expressed his gratitude to the university for welcoming him and Pangilinan as its first visually impaired student pioneers.

“Our sincerest gratitude to our University President, Dr. Jasper Jay N. Mendoza, and the TSU administration for your warm welcome and firm commitment to inclusive education. Through the DALAN Framework and the RISE FORWARD roadmap, we are highly inspired to excel and contribute to our university community,” he wrote in a Facebook post. 

During an interview with the TSU - Office of Public Affairs (OPA), Gamasa shared that instead of being labeled as a “Person with Disability”, he prefers to be referred to as a “Person with Dreams” who wants to inspire other students through words and music.

“Feeling ko po mas magiging malaya ako rito at ma-e-explore ang creativity compared to noong elementary ako, lakasan lang po ng loob,” he added, considering TSU a safe space where he can showcase and nurture his skills, like singing and braille reading.

Despite his disability, Gamasa said that he does not need special treatment, only reasonable accommodations.

“As a Person with Dreams, I look forward to maximizing reasonable accommodations and proving that digital proficiency is a powerful equalizer in higher education,” he stated.

Meanwhile, Pangilinan, an award-winning Paralympic athlete who is pursuing a Bachelor of Arts in Communication degree at TSU, said that his admission to the university represented not only a personal achievement but a victory shared with other differently-abled students, especially his fellow blind and visually impaired individuals.

“Hindi ko po ito pangarap para sa sarili ko kundi para sa mga katulad ko pong differently-abled students, lalo na po sa mga fellow blind and visually impaired students,” he noted.

TSU President Dr. Jasper Jay Mendoza said that it is one of his visions to build an inclusive university that can cater to all students, including differently-abled and marginalized students, an initiative he has pursued since he was still dean of the College of Education (COEd).

He also expressed his desire to hire Gamasa to teach at TSU as soon as he graduates and passes the licensure exam as the university sets its sights on opening a Bachelor of Special Needs Education (BSNEd) program soon to empower more students with special needs.
“You would be the first blind teacher at TSU,” Mendoza told Gamasa.

To assist the students in their studies, Head of the International, Differently-Abled, Indigenous, and Marginalized Student Services (IDIMSS) Mr. Allan Santos said that they are using Non-Visual Desktop Access (NVDA) software. 

He added that their office is maximizing all efforts to improve the welfare and inclusive learning of the blind students, who will be allowed to stay at the IDIMSS office to rest and print documents essential for learning.

Gamasa and Pangilinan’s admission to TSU marks another major milestone in the university’s cause for inclusivity after its partnership with an Australian firm called Focus Bear that developed digital support systems for neurodivergent students and with the Kakamay Movement, which aims to break communication barriers by promoting Filipino Sign Language (FSL) toward making the university deaf-ready.",published,https://fgojhhgqpvnwtcqkornz.supabase.co/storage/v1/object/public/thumbnails/1790763436577-i41wkt.webp,2026-09-30 16:11:49.467+00,2026-09-30 10:16:38.512703+00,,,Sheena C. Panelo,,false,,,,,0,,,,university
7bbe755e-39c7-4dac-9c96-19524fadb5f7,"‘Resilience was the only way’: COEd valedictorians honor persistence, urge co-grads to keep moving forward",news,Andrei P. Opeña,2026-07-31,4 min,"A testament to grit that endured even when the world came to a halt, 1,065 graduates from the College of Education (COED) marched down the aisle to claim their hard-earned diplomas on the third day of the 37th Commencement Exercises at…","A testament to grit that endured even when the world came to a halt, 1,065 graduates from the College of Education (COED) marched down the aisle to claim their hard-earned diplomas on the third day of the 37th Commencement Exercises at the University Gymnasium, July 30.

Anchored on the theme “TSU GRADUATES: A.C.H.I.E.V.E.-ing Excellence in Higher Education, Upholding Truth, Unifying for Nation-Building, and Serving the People with Compassion,” the ceremony celebrated both undergraduate achievers and post-graduate scholars stepping into the professional field.

Leading the class, Joyce Anne D. Polido, Bachelor of Elementary Education (BEED) graduate and hailed batch valedictorian, delivered the valedictory address centered on grit and raw gratitude, describing their walk across the stage as proof of survival.
“This graduation serves as evidence—not just for four years, but for the years that taught us how to keep moving when the world stopped,” Polido shared.

“Resilience is never a choice; it was the only way to keep our dreams alive,” she added. 

Polido further moved the audience as she dedicated her triumph to her parents, reflecting on the profound duty of carrying forward the opportunities that her family was once denied.

“Anong karapatan kong tumigil kung ang mga magulang ko ay hindi nagkaroon ng pagkakataong magsimula?” she declared.
Meanwhile, guest speaker Hon. Tolentino G. Aquino, Department of Education Region I Director, reminded the new educators that impactful teaching begins by meeting people from where they are.

“Ang tunay na mahusay na guro ay marunong tumugon sa konteksto ng kanyang komunidad,” Aquino emphasized, encouraging the batch to stay patient in their calling.

“Ang maliit na hakbang ay nagdudulot ng pangmatagalang pagbabago.,” he added.

On the other hand, leading the afternoon session, Shenayah Loise P. Catacutan, a Bachelor of Secondary Education (BSEd) Major in English magna cum laude graduate, reflected on how life and the people around her became the reason the deadlines she had secretly set for herself were extended, enabling her to reach and become who she is today.

“But one thing I will never regret, it is making it to 22 because every extra year gave me another chance to know someone I couldn't even imagine when I was thirteen,” she stated.

“Because although I kept saying 20 was my last call, deep inside in my heart, there was always a quieter voice—a voice that wanted to know what 21, 22 looked like, a voice that wanted to blow another birthday candle, a voice that wanted to take one more exam, to teach one more class, to meet one more student, and to witness one more sunrise,” the valedictorian added.

Drawing inspiration from her own experiences, she reminded her fellow graduates to “keep moving forward, there is so much life beyond the age you thought could be your last.”

Meanwhile, commencement speaker and guest of honor Hon. Jennie V. Jocson, Executive Director of the Teacher Education Council Secretariat reminded the graduates to do their best to contribute toward the betterment of the country which is currently facing challenges in the education sector.

“Gamitin ang knowledge, ang talents, ang passion in advancing meaningful change and helping build a stronger, more inclusive nation,” she noted.

“Hindi sapat na magturo lamang kayo ng nasa lesson plan. Teach your learners to seek truth in a world where misinformation spreads faster than facts, teach them to ask questions, to think critically, but also to listen with respect,” she added.

Here is the breakdown of all the graduates per program:

College of Education (COEd)
- Bachelor of Elementary Education - 212
- Bachelor of Physical Education - 138
- Bachelor of Technical-Vocational Teacher Education Major in Food and Service Management - 73
- Bachelor of Technology and Livelihood Education Major in Industrial Arts - 66
- Bachelor of Early Childhood Education – 76 
- Bachelor of Secondary Education Major in Sciences – 123
- Bachelor of Secondary Education Major in Social Studies – 59 
- Bachelor Secondary Education Major in Mathematics – 59 
- Bachelor of Secondary Education Major in Filipino – 101 
- Bachelor of Secondary Education Major in English – 140
- Doctor of Philosophy in Filipino Language Education - 6
- Master of Arts in Education Major in English - 5
- Master of Arts in Education Major in Physical Science - 3
- Master in Education Management - 3
- Doctor in Industrial Education Management - 1",draft,,2026-09-30 09:38:20.144+00,2026-09-30 09:38:20.76427+00,,Alyssa L. Cerezo,,,false,,,,,0,,,,
81e57dfb-f793-47ee-8f56-0a7a16da9489,Landbank-Tarlac educates TSUians on digital conversion in 2-day orientation,news,Joshua Adrian N. Castro,2026-07-10,2 min,"Eyeing convenient and efficient transactions, the Landbank of the Philippines (LBP) Tarlac Branch enlightened students from various colleges and organizations in Tarlac State University (TSU) in a 2-day orientation about its Cash-Lite…","Eyeing convenient and efficient transactions, the Landbank of the Philippines (LBP) Tarlac Branch enlightened students from various colleges and organizations in Tarlac State University (TSU) in a 2-day orientation about its Cash-Lite Campus Program, held at the Student Center in Lucinda Campus, July 8 and July 9. 

The orientation comes after LBP Tarlac and TSU signed a memorandum of agreement (MOA) on June 30, which marked the onset of their partnership to provide a more secure and accessible digital payment system through cash-lite, an initiative to promote a cashless economy. 

Vice President and Branch Head of Landbank-Tarlac, Maila Veronica P. Co began the orientation by sharing her beginnings with marketing e-banking facilities to government units back in 2012. 

Initially, she was not paid much attention to by people, but those who did eventually reaped the benefits when the global pandemic hit.
“These government units that have an existing e-banking facility with us—sila ‘yung naging komportable,” she stated. 
“And two years ago [was] when we started ‘yung ating business relationship ni Landbank at saka si TSU,” Co added.

Now, for TSU, advancement in financial transactions is within reach through the Cash-Lite Campus Program, which will make cash flow inside the institution more effortless, trackable, and interconnected.

“Halimbawa estudyante ka, magbabayad ka ng tuition. You will do it electronically using the link disc portal,” Co explained. She further shared that in order for the ecosystem to fully manifest, it is best if all students participate in digital banking.  

Highlighting the importance of cybersecurity, the orientation also educated attendees on how they can protect themselves from scammers, phishing, and manipulative tactics by safeguarding their personal details from strangers, avoiding overexposure on social media, and evaluating the legitimacy of websites and messages.

“Information security starts with awareness... And awareness starts with you,” Co stated emphasizing how being vigilant and prudent is key in ensuring a safe digital citizenship is maintained. 

Meanwhile, in an interview, Customer Associate of Landbank, Irish M. Lactaotao stated that the main goal of the Cash-Lite Program is for it to be inclusive among students. She also mentioned Landbank Piso Plus, which can be used when paying for the university’s shuttle system and canteen—ensuring convenience and safety. 

“Itong ginagawa naming info drive, sana makatulong na i-share nila ‘yung knowledge na nakuha nila dito sa ibang tao, sa parents nila—na pwede rin silang mag-open ng account nila through [their] phone,” Lactaotao remarked. 

The orientation concluded after the students were assisted in registering for their Landbank Piso Plus account using the official Landbank Mobile Banking App.

Future orientations are also expected to be held soon on the Main and San Isidro campuses.",published,https://fgojhhgqpvnwtcqkornz.supabase.co/storage/v1/object/public/thumbnails/1790763656006-quby2i.webp,2026-09-30 16:11:43.15+00,2026-09-30 10:20:56.916908+00,Kestan Rafael L. Oniate,Alejandro C. Enjambre,,,false,,,,,2,,,,university
8c49e17c-f04f-4120-aa3f-8f8d9b395c99,"Avon Ang kinondena ang red-tagging, HB 2697 sa Cinemamamayan 2026",news,John Hermie M. Sarceda,2026-08-03,3 min,"Binatikos ni Mx. Avon Ang, pambansang koordineytor ng Altermidya, ang red-tagging bilang sadyang paraan ng pagligaw-atensyon laban sa mga mamamahayag ng bansa,","Binatikos ni Mx. Avon Ang, pambansang koordineytor ng Altermidya, ang red-tagging bilang sadyang paraan ng pagligaw-atensyon laban sa mga mamamahayag ng bansa, kasabay ng muling pagtutol niya sa House Bill 2697 o ang panukalang Anti-Fake News and Digital Disinformation Act, na aniya’y hindi pinananagot ang social media, mga dambuhalang teknolohiya, at artificial intelligence (AI) kahit patuloy na lumalaki ang banta ng disimpormasyong dulot nito.

Sinabi ito ni Ang bilang unang tagapagsalita sa Cinemamamayan 2026, isang workshop na idinaos ng Provincial Human Rights Office - Tarlac sa Old SP Hall, Tarlac Capitol, kung saan dumalo ang iba't ibang student publications at media organizations.

“Hanggang gobyerno ang magsasabi ng totoo, magiging kalokohan ang batas,” pahayag ni Ang, tungkol sa HB 2697.

Ayon kay Ang, hindi lamang pananakot ang red-tagging kundi isang paraan ng pagligaw-atensyon na direktang nagbabanta sa buhay, seguridad, at kalayaan ng mga mamamahayag, kung saan kadalasang ginagamit upang baliktarin ang lehitimong pag-uulat bilang “pagpopondo sa terorismo.”

Binanggit ni Ang ang kaso ni Frenchie Mae Cumpio, isang broadcast journalist na hanggang ngayo’y hindi pa nakakalaya, bilang babala laban sa mga pagtatangkang gawing presedente ang ganitong mga insidente.

Bukod sa direktang banta, itinuro rin ni Ang ang lumalalim na “chilling effect” sa industriya ng midya, kung saan lalong dumadami ang mga mamamahayag na nagsa-self-censor dahil sa takot na maatake, limitadong akses sa impormasyon, at labis na pag-iingat sa kanilang pag-uulat.

Inilagay ni Ang ang HB 2697 sa mas malawak na pattern ng mga batas na aniya'y unti-unting humihigpit sa kalayaan ng pamamahayag sa Pilipinas, kasama ang Anti-Terrorism Law, Libel and Cyber Crime Prevention Law, at ang SIM Registration Act.

Higit pa rito, hinamon ni Ang ang mga campus publication at ibang mamamahayag na mas pagtibayin ang kolaborasyon sa hanay ng midya, mula sa alternative media, lokal na peryodista, hanggang sa mga student publication, bilang tugon sa lumalaking banta ng “engineered”na disimpormasyon.

Bilang halimbawa ng epektibong kolaborasyon, ikinuwento ni Ang ang kanilang dokumentaryo hinggil sa isyu ng pagmimina sa Nueva Vizcaya, kung saan bumalik sila sa mga apektadong komunidad upang kumuha ng puna at pinalabas pa ang mga kaparehong dokumentaryo mula sa ibang lugar na isang hakbang, aniya, na nagpapakita na hindi nakahiwalay ang bawat isyu, kabilang na ang Pax Silica sa Capas, Tarlac.

Hinikayat din ni Ang ang mga campus publication na magtatag ng sarili nilang feedback mechanisms tulad ng room-to-room na pakikipag-ugnayan sa mga estudyante, dahil base sa kanya, mas nadarama ng mga mag-aaral ang halaga ng isang publikasyon kapag sila mismo ay bahagi ng prosesong ito.

“Solidaridad. Kolaborasyon,” ang kanyang pagdidiin bilang pagtatapos ng kanyang talumpati.

Sa kabilang banda, binigyang-diin ni Direk JL Burgos, nanalo sa FAMAS bilang Best Picture sa kanyang dokyumentaryong tungkol sa kanyang nawawalang aktibistang kapatid na si Jonas Burgos, na ang human rights film ay “pelikula ng mamamayan,” hindi lamang mga estadistika o bilang ng mga napatay o nadukot, kundi kwento ng aktwal na karanasan at aspirasyon ng mga tao.

Binanggit din ni Burgos na ang isang artist, dating tinatawag na ""craftsman,"" ay nagsisilbi sa bayan kung saan inuuna lagi ang tanong na ""Para kanino?"" sa paggawa ng isang pelikulang pang masa. 

Sinabi rin niya na mahalaga ang lalim ng research bago mag-shoot, upang maiwasan ang tinatawag na “poverty porn,” at dapat na alam ng mismong storyteller kung sino ang kanyang tunay na tinutungtungan.",published,https://fgojhhgqpvnwtcqkornz.supabase.co/storage/v1/object/public/thumbnails/1790759880249-qs5gg0.webp,2026-09-30 16:10:45.818+00,2026-09-30 09:18:00.797504+00,,Nikka I. Salamanca,Noah Justin B. Pascua,,false,,,,,0,,,,local
8d432190-1b8a-43bd-8352-b23eef716797,"Bridging the Bloodline: Higit sa Monopolyo, Sulong Tarlakenyo!",features,Kate Aira L. Mendoza,2026-09-02,2 min,Hindi lamang semento at bakal ang nasubok ng gumuho ang mga pangunahing tulay sa Tarlac sa gitna ng nagdaang mga pagbaha.,"Hindi lamang semento at bakal ang nasubok ng gumuho ang mga pangunahing tulay sa Tarlac sa gitna ng nagdaang mga pagbaha. Kasabay ng pagkalubog ng mga kalsada, pagkaantala ng biyahe, pagkaparalisa ng buhay at kabuhayan ng mga ordinaryong mamamayan, muling nabuksan ang diskurso sa tibay ng ating pampublikong estraktura at ang pamamahala sa likod nito.

𝗠𝗮𝘆 𝗺𝗮𝗹𝗮𝗹𝗶𝗺 𝗻𝗮 𝗽𝗮𝗴𝗸𝗮𝗸𝗮𝗵𝗮𝗹𝗶𝗻𝘁𝘂𝗹𝗮𝗱 𝗮𝗻𝗴 𝗺𝗴𝗮 𝗯𝘂𝗺𝗮𝗴𝘀𝗮𝗸 𝗻𝗮 𝘁𝘂𝗹𝗮𝘆 𝘀𝗮 𝘂𝗺𝗶𝗶𝗿𝗮𝗹 𝗻𝗮 𝘀𝗶𝘀𝘁𝗲𝗺𝗮 𝗻𝗴 𝗺𝗴𝗮 𝗱𝗶𝗻𝗮𝘀𝘁𝗶𝘆𝗮𝗻𝗴 𝗽𝗼𝗹𝗶𝘁𝗶𝗸𝗮𝗹 𝘀𝗮 𝗹𝗮𝗹𝗮𝘄𝗶𝗴𝗮𝗻 𝗻𝗴 𝗧𝗮𝗿𝗹𝗮𝗰.

Sa loob ng maraming dekada, tila naging tradisyon na ang pagpapasalin-salin ng katungkulan sa iisang angkan. Sa sistemang ito, ang kapangyarihan ay iisa ang ruta—iisang linya ng dugo na nag-uugnay sa yaman ng nakaraan at kontrol sa kinabukasan ng iilang paksyon. 

Base sa pananaliksik ng Ateneo School of Government (ASoG), ang ganitong sistema ay isang 𝘱𝘰𝘭𝘪𝘵𝘪𝘤𝘢𝘭 𝘮𝘢𝘳𝘬𝘦𝘵 𝘧𝘢𝘪𝘭𝘶𝘳𝘦 kung saan pinapatay nito ang kumpetisyon sa halalan at ninanakawan ang mga ordinaryong mamamayan ng pagkakataong magsilbi sa bayan. Ayon din sa Vera Files, ang mga lalawigang kontrolado ng 𝘧𝘢𝘵 𝘥𝘺𝘯𝘢𝘴𝘵𝘪𝘦𝘴 o mga pamilyang sabay-sabay na nakaupo sa pwesto ay ang mga lugar kung saan mas talamak ang kahirapan, mas atrasado ang serbisyo, at mas marupok ang proyekto dahil sa kawalan ng pananagutan at pagsusuri.

Sa pagsisiyasat na ito, baybayin natin ang estado ng ating demokratikong sistema sa pamamagitan ng mga sumusunod na datos sa bawat munisipalidad ng Tarlac.

****

Sa huli, ang tunay na katatagan ng mga Tarlakenyo ay hindi nasusukat sa taas ng pader ng mga nasa posisyon. 𝗕𝘂𝘄𝗮𝗴𝗶𝗻 𝗮𝗻𝗴 𝗺𝗼𝗻𝗼𝗽𝗼𝗹𝘆𝗼 𝘀𝗮 𝗸𝗮𝗽𝗮𝗻𝗴𝘆𝗮𝗿𝗶𝗵𝗮𝗻—𝘂𝗽𝗮𝗻𝗴 𝗮𝗻𝗴 𝗺𝗶𝘀𝗺𝗼𝗻𝗴 𝗺𝗴𝗮 𝗺𝗮𝗺𝗮𝗺𝗮𝘆𝗮𝗻 𝗻𝗮𝗺𝗮𝗻, 𝗮𝘁 𝗵𝗶𝗻𝗱𝗶 𝗶𝗶𝘀𝗮𝗻𝗴 𝗮𝗽𝗲𝗹𝘆𝗶𝗱𝗼 𝗹𝗮𝗺𝗮𝗻𝗴 𝗮𝗻𝗴 𝗺𝗮𝗸𝗮𝘁𝗮𝘄𝗶𝗱 𝘀𝗮 𝘁𝘂𝗹𝗮𝘆 𝘁𝘂𝗻𝗴𝗼 𝘀𝗮 𝘁𝘂𝗻𝗮𝘆 𝗮𝘁 𝗽𝗮𝗻𝘁𝗮𝘆 𝗻𝗮 𝗽𝗮𝗴-𝘂𝗻𝗹𝗮𝗱.

Maaring tingnan ang kabuuang larawan dito:  
https://drive.google.com/.../1rYSa22L5Q-01b.../view...",published,https://fgojhhgqpvnwtcqkornz.supabase.co/storage/v1/object/public/thumbnails/1790762749311-r0cjyj.webp,2026-09-30 13:49:50.434+00,2026-09-30 08:18:50.682937+00,Clarisse T. Fajardo,,Rhian Justine A.D. Dela Cruz,,false,2026-09-02 10:07:00+00,,,,4,,,,
8e8f9774-5679-4564-81ed-7ae1a371079e,"TSU female dorm sparks questions over real construction progress; OFDM admits, clarifies delays",news,Andrei P. Opeña,2026-08-03,5 min,"Concerns have been raised over the real construction progress of the Tarlac State University (TSU) Female Dormitory currently being built at the Lucinda Campus to provide female students and employees with a secure, accessible, and…","Concerns have been raised over the real construction progress of the Tarlac State University (TSU) Female Dormitory currently being built at the Lucinda Campus to provide female students and employees with a secure, accessible, and conducive on-campus living environment pursuant to Republic Act No. 11396 or the Land Use Development and Infrastructure Plan (LUDIP) Law.

The concerns stemmed from the budget allocation of TSU under the General Appropriations Act (GAA) for the 2026 fiscal year, which allotted a 50-million-peso budget for the construction of the project’s Phase III despite its actual physical framework “looking as if it were still in its initial phase of construction.” 

To be built on the 2,592-square-meter lot donated by the Serafin and Lucinda David Family to TSU intended for the construction of male and female dormitories, the design phase of the project was 100% accomplished by 2023 with an approved budget for the first phase amounting to 40 million pesos per the university’s annual financial report of that year.

In TSU’s 2024 annual report, however, the project remained under the design phase but its approved contract budget for its Phase I was indicated to have amounted to only 30 million pesos, 10 million lower than what was specified in the 2023 financial report. 

Meanwhile, in the first quarter of 2025, Phase II of the project was allocated a 40-million-peso budget despite the fact that plans for Phase I were only executed on January 13, 2025, as the contractor officially mobilized to the project site. 

Moreover, as of the end of March 2026, bidding opportunities for the project’s Phase II construction have just been opened yet some 50 million pesos have already been allocated for its Phase III, thus becoming a major point of concern for some students.

Rafael Jay Valix, former vice president of the TSU Supreme Student Council (SSC), and his party Sandigan TSU were the first to criticize the discrepancy between the project’s physical phase progress and its budget allocation in a video calling for transparency and accountability in terms of how the university utilizes its 2026 budget amounting to more than 1 billion pesos.

“Sa harap ng mahigit ₱1,036,714,000 na kabuuang budget ng unibersidad ngayong 2026, nananatiling maraming tanong ang walang malinaw na sagot... Bakit hindi natatapos ang mga proyekto gayong aprubado ang mga budget nito?” they shared in the post’s caption.

Student coalitions, such as the Alliance of Concerned Students - TSU and Kabataang Tarlakenyo para sa Bayan (KTB), who partook in the First Day Rage staged at the TSU Main Gate on July 21 echoed a similar sentiment, highlighting that the budget for the construction of the project’s third phase has been approved yet its physical framework remains in a “skeletal structure,” raising suspicions regarding transparency and accountability.

𝗗𝗲𝗹𝗮𝘆𝘀, 𝗼𝘂𝘁 𝗼𝗳 𝗧𝗦𝗨’𝘀 𝗰𝗼𝗻𝘁𝗿𝗼𝗹 

In an exclusive interview, however, the TSU Office of Facilities Development and Management (OFDM), clarified the real progress of the project, saying that as of July 12, 2025, the first phase has been completed under the control of DPWH RO3 as the implementing agency with RD8 Builders Corporation as the contractor, and will now proceed to the next phase.

Based on OFDM’s summary of events, the construction started as early as February 2024 but Phase I was just completed more or less a year after as the Notice to Proceed (NTP) had just been secured on January 13, 2025, seven months after the project was transferred to the DPWH pursuant to the Joint Memorandum Circular No. 01, s. 2024 of the department and the Commission on Higher Education (CHED).

Under such a joint memo, infrastructure projects of state universities and colleges (SUCs) exceeding 5 million pesos funded under the General Appropriations Act (GAA) are directly released to and implemented by regional DPWH offices.

With numerous SUCs in Central Luzon having infrastructure projects exceeding 5 million pesos, the DPWH RO3 was said to have been “overwhelmed”, stalling the issuance of the NTP and, more importantly, the construction of the dorm’s Phase I.

Amidst completing the first phase, the DPWH relinquished the power to implement the project back to the OFDM. 

However, even after giving the project back to the OFDM, delays in the construction persisted due to DPWH’s lapses in securing a building permit, an official written approval granted by a local government agency essential for one to start building, changing, or fixing a structure.

“Kaya lang, nagkaroon nga ng technical delays sa pag-process ng building permit. Nitong July 2026 pa lang nabigay sa amin ‘yung building permit. Date issued sa DPWH June 23, nabigay sa amin July 8,” the OFDM stated. 

“From January 2025 to July 2026, dun pa lang nabigay sa amin ‘yung building permit, dun pa lang na-complete lahat ng deliverables for the project. Hindi kasi kami pwedeng mag-proceed sa construction ng Phase II without the building permit,” the office stressed. 

As of press time, the procurement process for the construction of Phase II has been completed and the university will soon enter into a contract with the winning contractor once the Board of Regents (BOR) approves it. 

“Nakumpleto na lahat nung specified scope of work para sa Phase I. Ngayon ang magtutuloy na ay ang TSU kasi nakita na mabagal ang DPWH, na-overwhelm daw sila,” the OFDM added.

‘𝗡𝗼 𝗰𝗼𝗿𝗿𝘂𝗽𝘁𝗶𝗼𝗻’

Meanwhile, in response to those who have raised concerns over the discrepancies between the budget and the project’s real progress, the office encouraged them to verify information first as allocating a budget for the project’s third phase does not necessarily mean it is already in that phase.

The office also emphasized that there is “no corruption” involved in the project, saying: “Hindi sumasawsaw ‘yung kamay namin sa pera, sa pondo ng project. Hindi siya iniipit ng office namin, ng administration. May public procurement, kami lang ang nag-e-evaluate,” it noted.

Now that the office, as TSU’s implementing arm, holds the control to continue the project, it projects that Phase II may be finished by next year around March or April, while it sets 2028 as the target year for the completion of Phase III and its opening for students and employees.

Furthermore, the office stated that it is making its efforts to commence the construction of the male dormitory.

“Hindi na hihintayin na matapos ‘yung female dorm bago simulan ‘yung male dorm. Magiging simultaneous siya kasi kailangan nating mag-comply sa batas na nagsasabing dapat may dorm ang mga SUCs,” it stated.",published,https://fgojhhgqpvnwtcqkornz.supabase.co/storage/v1/object/public/thumbnails/1790759678975-vnzmtp.webp,2026-09-30 16:11:36.717+00,2026-09-30 09:14:39.609979+00,,Alejandro C. Enjambre,Nathaniel P. Tintero,,false,,,,,2,,,,university
9190410d-055a-4297-b80b-1071a0ec647d,When-dy Mountain Calls: How One Ofw’s Grief Reached Tarlac’s Highest Peaks,features,Kate Aira L. Mendoza,2026-08-11,6 min,"Her soul is at peak purpose; what’s keeping yours in the lowlands? For her, touching the sky meant reaching out to the indigenous Ayta communities who call these summits home.","Her soul is at peak purpose; what’s keeping yours in the lowlands?

For her, touching the sky meant reaching out to the indigenous Ayta communities who call these summits home. In those cloud-draped villages, climbing closer to heaven became an act of devotion, providing support, warm meals, and outreach all in the name of grace and goodness.

𝗡𝗢 𝗧𝗜𝗖𝗞𝗘𝗧 𝗧𝗢 𝗣𝗔𝗥𝗔𝗗𝗜𝗦𝗘 

This was the very heart for others that defined Wendy Doll Lusong Arocena, 33, a woman who lived with faith and service.

In Dubai, she serves in the CFC - Singles for Christ community, guides children as a Kids for Christ Rock Leader, and handcrafts free rosaries through the Child of Mary ministry. As a United Arab Emirates Volunteer (Sharjah Base), she provided hands-on disaster relief during the Turkey-Syria earthquake.

She also runs the digital page SELF_1, creating uplifting content to evangelize and guide people of all ages. This deep-rooted compassion sparked the “Share Your Blessing” UAE Mission during the pandemic, mobilizing her family and Singles for Christ community to provide vital relief to struggling Filipinos and disaster victims back home.

However, across four thousand miles of silent sky and locked borders, Wendy’s father, Papa Edwin, had closed his eyes for the last time. At this moment, the world was paralyzed by pandemic restrictions, trapped behind mandatory quarantine walls and grounded flights.

For her, who had spent twelve long years pouring her youth into Taiwan and the Middle East so her family could eat three warm meals a day, the distance became a vast, impassable sea.

No final words escaped her lips. No flight brought her back to shore in time.

And when grief has no shore to land on, it turns inward, surging like an untamed tide. It craves a space where the crushing ache of loss can be surrendered to a higher power and transformed into something enduring. 

“I decided to surrender my heart to God,” Wendy recalls.

In that surrender, she set her compass toward a single vow: the moment the borders reopened and she could touch home soil, she would head straight for the mountains.

It was there, in the wake of an unsaid goodbye, that she would look to the sky, searching for a sign that the one she lost was still within reach.

𝗖𝗔𝗥𝗥𝗬𝗜𝗡𝗚 𝗛𝗢𝗣𝗘 𝗨𝗣 𝗧𝗛𝗘 𝗦𝗟𝗢𝗣𝗘

Guided by what she felt was God’s hand, Wendy met a fellow devout in Dubai who also climbs with a mission to help the Ayta community, which opened a door for her into a world tucked high above the clouds—a world defined by rich culture, but shadowed by severe, systemic neglect. 

She did not care which peak stood before her, only that the trail was steep enough for the burning in her legs to steady the tempest in her chest. She wanted to climb until her boots were caked in soil and her lungs gasped for air, searching for a horizon wide enough to hold the  emptiness left in her father’s wake.

When the skies finally opened, she kept her promise to God and to herself. Pushing her body up rugged slopes, feeling the strain of every step, something shifted. 

The mountain didn’t erase her loss, but the height gave her a divine perspective.

The scripture from Matthew 25:40 whispered to her heart: “𝘞𝘩𝘢𝘵𝘦𝘷𝘦𝘳 𝘺𝘰𝘶 𝘥𝘪𝘥 𝘧𝘰𝘳 𝘰𝘯𝘦 𝘰𝘧 𝘵𝘩𝘦 𝘭𝘦𝘢𝘴𝘵 𝘰𝘧 𝘵𝘩𝘦𝘴𝘦 𝘣𝘳𝘰𝘵𝘩𝘦𝘳𝘴 𝘢𝘯𝘥 𝘴𝘪𝘴𝘵𝘦𝘳𝘴 𝘰𝘧 𝘮𝘪𝘯𝘦, 𝘺𝘰𝘶 𝘥𝘪𝘥 𝘧𝘰𝘳 𝘮𝘦.”

It was along these same mist-shrouded trails that her sinking feeling met a higher purpose.

Hearing of the hardships endured by indigenous families living in isolated mountain 𝘴𝘪𝘵𝘪𝘰𝘴, the fog of her personal pain began to clear. 
She realized her trek up the mountain was no longer just about burning off her own sorrow; it was answering a divine calling to carry hope to those who felt forgotten by the world below.

What began as a personal mission blossomed into a collective movement of compassion. The outreach effort, “Akyat Para Kay Kulot,” started with a tight circle of a dozen volunteers and quickly swelled into a family of nearly forty souls bound by a single cause: to carry light into the mountain's most forgotten corners.

This mission was fueled by a circle of sponsors—a community built from her own relatives, friends, kabarangays, and her second family in the CFC-SFC Dubai community, all uniting to send blessings from afar.

Their footsteps led them deep into the hinterlands, including the remote mountain community of Pampanga, and surrounding ancestral domains spanning Tarlac.

There were no paved roads here, nothing to ease the burden. To reach the families above, Wendy and her team carried everything on their backs, climbing on foot for over an hour up steep, unforgiving trails where no vehicle could ever venture.

Her heart bled for the young ones growing up in the shadows of those peaks.

High above the lowlands, where paved roads end and ambulances cannot reach, Wendy confronted a heartbreaking reality: over 80% of the remote upland 𝘴𝘪𝘵𝘪𝘰𝘴 across these ranges remain entirely cut off from basic needs. Being tucked away on these heights, indigenous households endure poverty rates nearly double the national average—isolated not just by height, but by systemic downfall.

There, Wendy watched elderly mothers and fathers, their faces weathered by decades of relentless sun, still breaking their backs over the soil just to scrape together a single meal.

Having spent a lifetime tilling land without access to education, many carried high rates of functional illiteracy, unable to read or write. Yet, pouring every drop of their remaining strength into their children’s survival, a living, breathing echo of her own father’s sacrificial heart.

𝗛𝗲𝗿 𝗳𝗮𝘁𝗵𝗲𝗿 𝗿𝗲𝗮𝗰𝗵𝗲𝗱 𝗵𝗲𝗮𝘃𝗲𝗻 𝗳𝗶𝗿𝘀𝘁, 𝗯𝘂𝘁 𝗼𝗻 𝘁𝗵𝗲𝘀𝗲 𝗺𝗶𝘀𝘁-𝘀𝗵𝗿𝗼𝘂𝗱𝗲𝗱 𝗽𝗲𝗮𝗸𝘀, 𝗵𝗶𝘀 𝗱𝗮𝘂𝗴𝗵𝘁𝗲𝗿 𝗯𝗿𝗼𝘂𝗴𝗵𝘁 𝗮 𝗽𝗶𝗲𝗰𝗲 𝗼𝗳 𝗶𝘁 𝗱𝗼𝘄𝗻 𝘁𝗼 𝗲𝗮𝗿𝘁𝗵.

𝗖𝗟𝗜𝗠𝗕 𝗖𝗟𝗢𝗦𝗘𝗥 𝗧𝗢 𝗛𝗘𝗔𝗩𝗘𝗡

Truly, the mountain does not heal a broken heart by erasing the pain, but by giving it a view wide enough to see beyond itself.

“𝗜’𝗺 𝗽𝗿𝗮𝘆𝗶𝗻𝗴 𝗚𝗼𝗱 𝘀𝗲𝗻𝗱𝘀 𝗴𝗲𝗻𝘂𝗶𝗻𝗲 𝗽𝗲𝗼𝗽𝗹𝗲 𝘁𝗼 𝗽𝗿𝗼𝘁𝗲𝗰𝘁 𝘁𝗵𝗲𝗺 𝗮𝘁 𝗺𝗮𝗴𝗶𝗻𝗴 𝗯𝗼𝘀𝗲𝘀 𝘀𝗮 𝗸𝗮𝗿𝗮𝗽𝗮𝘁𝗮𝗻 𝗻𝗶𝗹𝗮 𝗮𝘁 𝗻𝗴 𝗸𝗮𝗻𝗶𝗹𝗮𝗻𝗴 𝗽𝗮𝗺𝗶𝗹𝘆𝗮. 𝗗𝗮𝗹𝗮𝗻𝗴𝗶𝗻 𝗸𝗼 𝗿𝗶𝗻 𝗻𝗮 𝘀𝗮𝗻𝗮 𝗺𝗮𝗴𝗸𝗮𝗿𝗼𝗼𝗻 𝘀𝗶𝗹𝗮 𝗻𝗴 𝗽𝗮𝘆𝗮𝗽𝗮 𝗮𝘁 𝗺𝗮𝘀𝗮𝘆𝗮𝗻𝗴 𝗯𝘂𝗵𝗮𝘆,” she shares. 

𝗔𝘀 𝘀𝗵𝗲 𝗱𝗲𝘃𝗼𝘁𝗲𝘀 𝗵𝗲𝗿 𝗼𝗻𝗰𝗲-𝗮-𝘆𝗲𝗮𝗿 𝘣𝘢𝘭𝘪𝘬-𝘣𝘢𝘺𝘢𝘯 𝘁𝗼 𝘀𝗲𝗿𝘃𝗶𝗻𝗴, 𝗵𝗲𝗿 𝘀𝘁𝗼𝗿𝘆 𝗶𝘀 𝗮 𝗽𝗿𝗼𝗼𝗳 𝘁𝗵𝗮𝘁 𝗸𝗶𝗻𝗱𝗻𝗲𝘀𝘀 𝗰𝗼𝘀𝘁𝘀 𝗻𝗼𝘁𝗵𝗶𝗻𝗴, 𝗯𝘂𝘁 𝗶𝘁𝘀 𝗶𝗺𝗽𝗮𝗰𝘁 𝗶𝘀 𝗽𝗿𝗶𝗰𝗲𝗹𝗲𝘀𝘀. 𝗧𝗵𝗶𝘀 𝗶𝘀 𝗵𝗲𝗿 𝘂𝗹𝘁𝗶𝗺𝗮𝘁𝗲 𝗹𝗼𝗻𝗴-𝗱𝗶𝘀𝘁𝗮𝗻𝗰𝗲 𝗿𝗲𝗹𝗮𝘁𝗶𝗼𝗻𝘀𝗵𝗶𝗽, 𝘁𝗵𝗲 𝗼𝗻𝗲 𝘁𝗵𝗮𝘁 𝗿𝗲𝗮𝗰𝗵𝗲𝘀 𝗮𝗹𝗹 𝘁𝗵𝗲 𝘄𝗮𝘆 𝘁𝗼 𝗵𝗲𝗮𝘃𝗲𝗻.

Gratitude reminds us to cherish the fragile gifts we hold, while compassion calls us to step beyond ourselves and become a beacon of hope for those who have less. By living as a light for others in a struggling world, we build the greatest legacy possible, one woven from goodness, faith, and love that inspires generations to come.

Yet, her message is not a call for everyone to pack a bag and scale physical mountains. It is a reminder that every life holds the potential for grace, right where it stands.

For her, the vast, impassable sea that once separated her from home has finally found its shore.

Her father’s memory no longer lives in the silence of a missed farewell or the grief of locked borders. It lives in every supply pack carried up a muddy trail, in every warm smile shared with a child in the hills of Pampanga and Tarlac, and in the courageous beat of a daughter’s heart that chose to surrender her deepest pain to God and turn it into a lifelong journey of hope.

Through every steep ascent and every life touched along the ridge, the unspoken goodbye has finally found its voice—whispering across Tarlac’s highest peaks that love and faith, when given away, are never truly lost.

𝗛𝗶𝗴𝗵 𝗮𝗯𝗼𝘃𝗲 𝘁𝗵𝗲 𝗰𝗹𝗼𝘂𝗱𝘀, 𝘀𝗵𝗲 𝗱𝗶𝘀𝗰𝗼𝘃𝗲𝗿𝗲𝗱 𝘁𝗵𝗮𝘁 𝗵𝗲𝗮𝘃𝗲𝗻 𝘄𝗮𝘀 𝗻𝗲𝘃𝗲𝗿 𝗼𝘂𝘁 𝗼𝗳 𝗿𝗲𝗮𝗰𝗵 𝗮𝗳𝘁𝗲𝗿 𝗮𝗹𝗹.",published,https://fgojhhgqpvnwtcqkornz.supabase.co/storage/v1/object/public/thumbnails/1790776933633-sq8nam.webp,2026-09-30 14:02:33.629+00,2026-09-30 09:10:57.648543+00,,,Allan P. Tipon Jr.,,false,,,,,2,,,,
92a2aa24-9d20-450a-b1d8-9028e6986448,"‘Tuloy ang laban naming katutubo!’: Capas residents, IPs mobilize against PAF’s stringent measures",news,Clarisse T. Fajardo,2026-07-15,6 min,"Residents, farmers, and indigenous peoples (IPs) from barangays Bueno, Maruglo, O’Donnell, Sta. Lucia, and Sta. Juliana of Capas, Tarlac protested against the growing stringent measures and harassment of the Philippine Air Force (PAF) at Sitio Calanat, Barangay O’Donnell, July 14","Residents, farmers, and indigenous peoples (IPs) from barangays Bueno, Maruglo, O’Donnell, Sta. Lucia, and Sta. Juliana of Capas, Tarlac protested against the growing stringent measures and harassment of the Philippine Air Force (PAF) at Sitio Calanat, Barangay O’Donnell, July 14.

The protest, which started at 5:00 AM and ran until 12 noon, marks the first mass mobilization collectively initiated by the five barangays.

Currently, there are three checkpoints headquartered at the Colonel Ernesto Rabina Air Base (CERAB) where these barangays are situated. 
Protocol has always been strict since 2016, especially when it came to who and what would be entering these premises because of the “No Permit, No Entry” policy. However, through the years, measures have escalated to the extent that the livelihood of the people has been disrupted, prompting affected communities to stage the mass action.

“Nagbebenta kami ng mga tinatanim namin na luya at saging, ‘yun ang hinaharang…kami kawawa. Saan kami kukuha [ng] panghanapbuhay namin? At kung gusto namin bumili ng kahit ano para sa bahay namin e hinaharang,” Burot Ocampo, a tribal chieftain from Barangay Sta. Juliana, echoed what residents experienced. 

𝗣𝗔𝗙'𝘀 𝘀𝘂𝗿𝘃𝗲𝗶𝗹𝗹𝗮𝗻𝗰𝗲

According to community members, PAF officers would also regularly visit people’s homes to ensure no form of construction or renovation was done. If there were, evidence would be taken and sent to file a report at the barangay office. 

“Kunware nagpatayo ka ng CR (comfort room) o gripo, pupunta roon. Pagkatapos bibidyohan saka ipapa-blotter sa barangay,” a resident from Bueno said. 

Materials needed for the renovation of homes, including cement, plywood, steel, metal roofing, and more, were prohibited from proceeding past the first checkpoint according to the PAF’s protocol. Moreover, rice, water, and farming equipment, such as tractors were also banned. 

One resident explained that even cement needed for tombs was thoroughly checked as PAF officers verify the authenticity of these deaths. Permits are also needed before allowing materials to be brought in.

“Pati bahay ng patay, hinaharang na,” they stated. 

However, even when permits were requested, approval from their head takes from one week to a month. 

“Kailangan daw ng permit sa itaas. Kaso naman, hindi na naman pipirmahan [ang] permit na ipapasa mo roon. Hindi rin gagawin. Parang matetengga na lang ‘yung materyales mo,” a resident from Maruglo shared. 

Alex Vitug, a tribal chieftain from Bueno, asserted that they did not want things to escalate this way but the strict protocol has made living harder for the people. 

“Ayaw sana namin makipag-away. Ngayon kasi, sobra na pong higpit sa amin! Sana makisama sila! Dapat nakikinig din sila,” he stated. 

𝗟𝗮𝗰𝗸 𝗼𝗳 𝗴𝗼𝘃𝗲𝗿𝗻𝗺𝗲𝗻𝘁 𝗮𝗰𝘁𝗶𝗼𝗻 

National Commission on Indigenous Peoples (NCIP) - Tarlac representative Gilbert Cuero clarified that this is not the first protest the residents have done. A peace rally was staged before by the residents of Sta. Juliana. However, this was the first protest where almost 3,000 people from five barangays of Capas, Tarlac mobilized together.

Moreover, this case has already reached Raffy Tulfo, a politician and media personality best known for solving disputes in his show Raffy Tulfo in Action (RTIA) in 2015. It has been 11 years since then. 

According to Cuero, paperwork was submitted to different organizations of the government, including the Air Force Real Estate Office (AFREO), but the issue remained stagnant. 

“Ilang sulat na ang ginawa natin, ilang presidente na sinulatan natin, kumpleto ako sa sulat,” he asserted. 

Cuero also explained that in the response letter of AFREO, it stated that the stringent protocol was for the sake of the IPs. 

“Nilagay niya sa sulat na nanghaharang ng mga materyales para sa kapakanan ng katutubo, hindi ‘yung ganiyan. Walang binanggit na mga farm lots, mga bahay na binabawal na lahat,” he said.

𝗟𝗮𝗻𝗱 𝗴𝗿𝗮𝗯𝗯𝗶𝗻𝗴 𝗮𝗻𝗱 𝗜𝗣 𝗿𝗶𝗴𝗵𝘁𝘀 

Besides the restriction of materials, with most villagers from Sta. Juliana being IPs, farmers were prone to having their land taken with no due process, compensation, or Free, Prior, and Informed Consent (FPIC).

“Pagkuha ng mga lupain ng mga farmers nang hindi sila dumadaan sa tamang proseso, walang bayad. At the same time, pagputol ng mga kahoy ng mga residente na pinagbibintangan pa ‘yung mga residente na pumutol e sila mismong Air Force [ang] pumutol kasi nga maano sila sa DENR,” he said. 

“Mas masaklap kami diyan kasi nandito gate nila so kami pinaka number one [na] affected diyan, Barangay Sta. Juliana tsaka Bueno,” he added.

Moreover, Cuero questioned the assertion of Republic Act No. 8371, or the “Indigenous Peoples' Rights Act (IPRA) of 1997” saying: “Nandiyan ang RA 8371 na mangangalaga sana sa kapakanan ng mga katutubo. Bakit hanggang munisipyo namomroblema sila ngayon?”

The IPs also asserted that their ancestors had lived within the area even before the eruption of Mount Pinatubo in 1991, yet, were still pressured to leave as PAF declared the premises as a “Danger Zone” where their Military Reservation Camps are located and Balikatan Exercises are done. 

As such, residents protested against Republic Act No. 7227, or “The Bases Conversion and Development Act of 1992”, and Proclamation No. 163, or the designation and transfer of lands pursuant to R.A. 7227.

“Kaya nagkaisa na itong limang barangay para kundinahin ang maling pamamalakad nitong Air Force,” Cuero emphasized. 

𝗗𝗶𝗮𝗹𝗼𝗴𝘂𝗲 𝘄𝗶𝘁𝗵 𝗣𝗔𝗙

“Ayun po sana hinihiling namin sa Philippine Air Force, makipagdiyalogo sa amin para magkaroon ng maayos na patakaran na susundin, na magkakaayos po ang aming munisipyo, ang aming kababayan atsaka po ang Philippine Air Force para hindi po nagkakaganito,” Capas Mayor Hon. Roseller ""Boots"" Rodriguez, who appeared amidst the demonstration, said. 

The mayor admitted to having feelings of helplessness as PAF's protocol are rules that their office cannot bypass. He encouraged, however, the Air Force to acknowledge the presence of IPs in the area years before their office was headquartered here. 

“Kilalanin po ‘yung kasalukuyang na pagokupa ng aming kababayan na nandito sa loob ng Military Reservation dahil mas nauna pa po sila kaysa sa pagdating po ng Air Force dito sa aming lugar,” he said. 

In a post by PTV, PAF Spokesperson Col. Ma. Christina Basco acknowledged the raised concerns from yesterday’s protest, but remained firm that the premises are still a danger zone. 

“Doon po kasi natin kino-conduct ’yung ating live fire exercises. ‘Yung mga kababayan natin, it’s unsafe basically for them kaya nga pinapakiusapan na kapag mayroong live fire exercises ay i-clear ang area. Medyo may challenge na minsan paalisin sila, pero patuloy natin silang sinasabihan to clear the area for their safety,” Basco stated. 

Basco assured that the PAF has coordinated with the local government units, the National Housing Authority (NHA), National Commission on Indigenous Peoples (NCIP), human rights and land management authorities, and other concerned offices and agencies regarding this issue.",published,https://fgojhhgqpvnwtcqkornz.supabase.co/storage/v1/object/public/thumbnails/1790763205487-hzswyp.webp,2026-09-30 16:10:19.068+00,2026-09-30 10:13:09.236854+00,,John Albert Kyle M. Pineda,Nathaniel P. Tintero,,false,,,,,4,,,,local
93f64076-6e80-4741-ac5e-b2cfcba3137f,"CCS, COS valedictorians call for systemic reform, public service as TSU closes week-long 2026 grad rites",news,Nicolle C. Garcia,2026-07-31,4 min,"Tarlac State University (TSU) officially concluded its week-long 37th Commencement Exercises on July 31 at the University Gymnasium, capping off four days of graduation ceremonies with the conferment of degrees to its final two student…","Tarlac State University (TSU) officially concluded its week-long 37th Commencement Exercises on July 31 at the University Gymnasium, capping off four days of graduation ceremonies with the conferment of degrees to its final two student batches.

The morning session celebrated 559 graduates from the College of Industrial Technology (CIT) and College of Computer Science (CCS), while the final afternoon session honored 586 graduates from the College of Science (COS) and College of Criminal Justice Education (CCJE).

Taking the stage during the morning session, class valedictorian Aron Jez Arboleda, magna cum laude from the Bachelor of Science in Computer Science shared that he entered college simply to learn and follow his heart, but pursuing his passions ultimately exposed a troubling reality facing his generation.

“Nasa punto na ba tayo na wala ng kalayaang pumili ang mga kabataan para sa kanilang hinaharap? Na kailangan laging maging praktikal at piliin ang mga kursong na kayang bumuhay, kahit na hindi ito ang gusto?” Arboleda asked.

He pointed out that hidden issues like poverty, pressure, high educational costs, and breadwinner expectations keep youth in survival mode, depriving many Filipinos of the freedom to pursue their true interests.

“Kaya patuloy po akong nangangarap, hindi para sa mataas na grado, kundi para sa Pilipinas na kayang magbigay ng balikat sa kaniyang mga tao. Kaya sa pagpapatuloy, huwag nating nila-’lang’ ang edukasyon,” he added.

Recounting his experience with an organization teaching indigenous Aeta children, Arboleda noted that even 50 to 60-year-olds express a desire to study, illustrating how marginalized communities are often deprived of basic education.

“Kung sino pa po ang nagpapanatili ng gintong kultura ng ating bansa, ay sila pa po ang nangunguna sa ating marginalized sectors. Let’s not take things for granted. Hugutin at hanapin natin ang rason kung bakit natin ginagawa ang mga ito. Para saan, at para kanino,” Arboleda emphasized.

While in the afternoon session, class valedictorian Vhon Andre Alvero, summa cum laude, from BS Environmental Science, challenged the notion of “free” higher education, sharing the financial hardships that students endure just to attend classes daily. 

“Hindi libre ang mag-aral sa Tarlac State University. Hindi tunay na libre ang edukasyon sa TSU,” Alvero declared. “Hindi natin masisisi ang mga estudyante na mas pinipiling lumiban sa klase para makapagtrabaho.”

He also stressed that being state scholars entails a profound duty to give back to the taxpayers whose sweat, blood, and taxes funded their privilege.

“Gaya ng panata ng TSU, pagsumikapin nating hanapin ang katotohanan, magsilbi sa taong bayan, at pagbukludin ang bawat isa para sa ikauunlad ng bansa. Tandaan, ang bigat ng diploma at medalya at hindi nasusukat sa materyal nito, kundi sa kaakibat na responsibilidad kung paano natin gagamitin ang talino, lakas, husay, at talino upang ipaglaban at iangat ang mga nasa laylayan,” Alvero challenged the graduates.

On the other hand, CCS’s Arboleda reminded his fellow graduates of their shared duty to build a nation rooted in empathy and accountability.

""I have faith in us. Nakita ko ang pagsisikap at pagpupursigi ng aking mga kapwa mag aaral nitong apat na taon,"" Arboleda stated, closing the commencement season on a hopeful note. 

Here is the summary of all graduates per college:

College of Industrial Technology (CIT)
- Two-Year Terminal Technician Curriculum Major in Automotive Mechanics – 1
- Bachelor in Industrial Technology Major in Electrical Technology – 41
- Bachelor in Industrial Technology Major in Mechatronics Technology – 40 
- Bachelor in Industrial Technology Major in Automotive Technology – 60

College of Computer Studies (CCS)
- Bachelor of Science in Information Systems Specialized in Business Analytics – 35
- Bachelor of Science in Information Technology: Specialized in Web and Mobile Application – 112
- Bachelor of Science in Information Technology Specialized in Technical Service Management – 92
- Bachelor of Science in Information Technology Specialized in Networking and Administration – 65
- Bachelor of Science in Computer Science – 112
- Master in Information Technology – 1

College of Criminal Justice Education (CCJE)
- Bachelor of Science in Criminology – 107

College of Science (COS)
- Bachelor of Science in Environmental Science – 88
- Bachelor of Science in Mathematics – 30
- Bachelor of Science in Food Technology – 91
- Bachelor of Science in Chemistry – 18
- Bachelor of Science in Nursing – 251
- Master of Arts in Nursing Specialized in Nursing Service Administration – 1",draft,,2026-09-30 09:34:03.312+00,2026-09-30 09:33:36.242413+00,,Alyssa L. Cerezo,,,false,,,,,0,,,,
9baccf3f-a044-4a4f-a2a8-537d989c2965,"PBBM vows to return stolen funds by kleptocrats to Filipinos, lays out new plans in SONA ‘26",news,Andrei P. Opeña,2026-07-28,5 min,"After blasting corrupt individuals involved in the flood control schemes “shame on you” and vowing to jail them all in 2025, triggering a government-wide investigation, President Ferdinand “Bongbong” Marcos Jr.","After blasting corrupt individuals involved in the flood control schemes “shame on you” and vowing to jail them all in 2025, triggering a government-wide investigation, President Ferdinand “Bongbong” Marcos Jr. has promised to return the ill-gotten assets recovered from corrupt officials back to the Filipino people.

“Ang pondo na naisalba natin na balak ibulsa ng mga tiwaling opisyal ay sa taumbayan natin ibubuhos,” Marcos pledged before a jam-packed Batasang Pambansa Complex in Quezon City on July 27 as he delivered his fifth State of the Nation Address (SONA).

Since launching the investigation, Marcos bared that over 20 billion pesos have been recovered, 800 million pesos of which have been remitted to the treasury.

He also noted that various contractors, high-ranking officials of the Department of Public Works and Highways (DPWH), and even legislators have been charged and imprisoned.

In light of this, the chief executive said that he plans to provide more support for most Filipinos in need as the hefty effects of the conflict in the Middle East continue to be felt in the country, as reflected in the surging prices of oil, fuel, and other essential products, to which Marcos claimed the government “did everything possible” to ease.

“Ngayon, ipipihit natin ang mga programa sa mas nangangailangan nating kapwa-Pilipino, para naman mas malawak at mas marami ang maaabot ng tulong,” he stated.

Besides these, Marcos has laid out new commitments as he enters the final stretch of his term, focusing primarily on the amendments to policies involving tax, electricity, and the long-standing geopolitical dispute over the West Philippine Sea.

On electricity, Marcos called on Filipino legislators to scrap the system loss charges, saying they must not be charged to the electricity bills of consumers.

""Pinapasa ito sa konsyumer at kinakarga sa bill na pinapatungan pa ng value-added tax. Hindi naman kasalanan ng konsyumer kung bakit nagkaroon ng systems loss. Kaya hindi naman tama na kailangan sila pa ang pagbabayarin dito,"" Marcos remarked.

In line with this, Marcos urged the immediate amendment of the Electric Power Industry Reform Act (EPIRA) enacted in 2001 to lower electricity prices through competition and power sector reforms, as well as the passage of a “Sariling Kuryente Act” that would make installing rooftop solar power systems easier.

""Therefore, we, the people request–no, we demand for the immediate amendment of the EPIRA and to prohibit charging systems loss against consumers including the value-added tax thereon,” he said.

In terms of tax, Marcos aims to recalibrate the country’s income tax bracket, pressing the Congress to raise the minimum annual tax exemption threshold from 250,000 to 350,000 pesos, while exempting small businesses from minimum corporate tax, and granting a broad tax amnesty.

“[W]e will pursue tax relief measures that promote growth, generate revenue, and advance equity toward socio-economic sustainability,” he stated.

Meanwhile, following the depiction of a Chinese state-run publication of the Filipinos as monkeys in criticizing the 2016 Arbitral award, Marcos reminded “our friends and our detractors” that Filipinos are “not greedy, not racist, and not liars.”

More importantly, he strongly reaffirmed the country’s sovereign rights in the WPS, vowing to use peaceful and legal means to defend its territory, stating “We are Filipinos and we do not yield.”

“Your government will do all that is necessary to continue upholding this Award, utilizing every peaceful and legal means available to the Republic against any attempt, foreign or domestic, to undermine this achievement,” he added. 

Moreover, the president also outlined various other promises aimed at benefiting other sectors. On transportation, he assured Filipinos that the North-South Commuter Railway and Metro Rail Transit Line 7 (MRT-7) will be operational by 2027. 

He also announced his target that by 2040, half of all vehicles on Philippine roads are electric-powered, thus mandating the government to support modernization and prioritize electric vehicles (EVs) in fleet upgrades.

In addition, amidst growing public criticism, Marcos touted the US-led initiative Pax Silica, which will turn some 1,620-hectare site in New Clark City, Capas, Tarlac into an artificial intelligence (AI) processing hub. He emphasized that it is part of the country’s cause for “bigger and greater things” by “venturing into areas heretofore unimaginable.”

In relation to the Philippines being prone to various disasters and calamities that have led to severe human, material, economic, and environmental losses, Marcos promised the construction of disaster-resilient “Ligtas Pinoy Centers.” This project will primarily be built in areas frequently affected by severe weather conditions, including Bicol, Eastern Samar, Bukidnon, and Davao de Oro.

“Ang lahat ng gusali sa ating bansa ay dapat handa, at kayang manatiling matatag at nakatindig laban sa anumang banta ng sakuna at kalamidad,” Marcos shared.

With this, he called for amendments to the National Building Code as he aims to align the country’s construction requirements with modern standards.

Furthermore, in terms of health, Marcos announced the expansion of the Philhealth preventive health program in 2027 by gradually including blood tests and medicines aimed at detecting and monitoring kidney, liver, and thyroid conditions, as well as hepatitis B.

He also vowed to complete the distribution of land titles to beneficiaries of agrarian reform by next year and the cancellation of their debts. 

To the victims of the tragic shooting in Tacloban City, he recognized them for their “unflinching and heroic virtue,” thereby urging for stronger protection of children from violence and harmful influences.

But amidst his fifth SONA becoming his longest, having been delivered for 1 hour and 26 minutes, various pressing issues were unaddressed, including the ongoing militarization efforts of the Philippine National Police (PNP) and the Armed Forces of the Philippines (AFP), as well as the crimes against humanity and impeachment trials of the former president Rodrigo Duterte and incumbent Vice President Sara Duterte, respectively.

Moreover, Marcos also failed to give an update on the progress of the “missing sabungeros’ case, as well as the manhunt for Atong Ang, former Ako Bicol partylist Rep. Zaldy Co, and Sen. Ronald “Bato” de la Rosa, who all continue to refuse to face the public and evade accountability.",published,https://fgojhhgqpvnwtcqkornz.supabase.co/storage/v1/object/public/thumbnails/1790761440675-6ingok.webp,2026-09-30 16:13:13.266+00,2026-09-30 09:43:25.754949+00,,"Jonathan Colona, ABS-CBN News",Allan P. Tipon Jr.,,false,,,,,0,,,,national
9decafa8-feff-4a3a-942d-2ac030c1c2de,National Campus Press Freedom Day,literary,Janeth G. Gamboa,2026-07-25,4 min,"I have an ID idly sitting on my desk. Not like the common ones. Laminated, worn at the corners where the plastic has begun to turn into a cloudy cataract obscuring the photo underneath.","I have an ID idly sitting on my desk.

Not like the common ones. Laminated, worn at the corners where the plastic has begun to turn into a cloudy cataract obscuring the photo underneath. The photo on the card — well me, in the light of what I think was a Monday morning. Beneath the photo, in large capital letters:

𝗣𝗥𝗘𝗦𝗦.

I like to pick it up sometimes. Not to wear it, just to hold it. To feel the weight of something that is supposed to be light. A card — plastic and yet, it feels heavier than it is letting on.

I put it down. I pick it up again. Then put it down again. Time and time again, I am still learning what it means to carry it.

When the announcement about the National Higher Education Press Conference (NHEPC) broke, my phone lit up with dozens of messages.

“𝘕𝘚𝘗𝘊 𝘵𝘰 𝘕𝘏𝘌𝘗𝘊, 𝘵𝘩𝘦 𝘥𝘳𝘦𝘢𝘮 𝘭𝘪𝘷𝘦𝘴 𝘰𝘯!”

“𝘉𝘢𝘤𝘬 𝘵𝘰 𝘝𝘪𝘨𝘢𝘯!”

“𝘛𝘩𝘪𝘴 𝘮𝘢𝘬𝘦𝘴 𝘮𝘦 𝘸𝘢𝘯𝘵 𝘵𝘰 𝘫𝘰𝘪𝘯 𝘱𝘶𝘣𝘴 𝘪𝘯 𝘤𝘰𝘭𝘭𝘦𝘨𝘦 𝘯𝘰𝘸.”

And I too share their excitement. The National Higher Education Press Conference. First-ever. Luzon, Visayas, and Mindanao — all sharing the center stage. Not gonna lie, there is something genuinely enchanting about that idea.

But there is always a flaw in the system.

I have seen what happens when press conferences become the publication’s entire reason for existing. School publication going radio silent and then reappearing the moment press conference season starts thawing.

“𝘐 𝘸𝘢𝘴 𝘢𝘯 𝘙𝘚𝘗𝘊 𝘘𝘶𝘢𝘭𝘪𝘧𝘪𝘦𝘳,” they say, when medals and achievements are not the currency for entering a college publication. When competition starts being their highlight — as if the work for the newspaper is just a mere backdrop for the competition season they actually signed up for.

It is such a big slap to what collegiate journalism has been built upon — not of contest journalism but of pure service for the people.

Let us not have contest journalism culture bleed upward. From the NSPC dreams system, where young journalists focus their hearts on training to stand upon the highest podium and not for the stories itself. Now with the NHEPC, I am afraid — genuinely, deeply afraid — that we are about to import that culture into collegiate journalism, where the stakes are higher and the mandate is heavier.

Especially in these times where parts of the nation are still lagging behind press freedom. And I do not think of it as a mere accident — but a symptom.

For instance, Mindanao belongs to those who have never been gentle with the press. It is the region where journalists have been silenced not just by indifference but by something far more deliberate. So a dream for NHEPC is also a dream for the regional level of the south-most Philippines.

I think about this as I stare at my press ID. I think about what it means to be carrying it in a collegiate setting — in a place where the administration is not always our ally, where immersing too hard on a story can make you feel the weight of the eyes on your back.

NHEPC is a platform. A good one, even. A stage where journalists can share their crafts and find each other across islands — and there is nothing wrong with wanting that.

But a platform is only as meaningful as the stories it brings forth with it. To being involved in the heart of the news — to the high and lows when immersing with the masses.

I am not saying competitions are bad. I refuse to settle for that easy conclusion. For many of us, press conferences were the first time we understood that maybe the words we piece together could mean something. It is part of the foundation that gifted us passion for journalism. A medal is not a virus. It becomes one when the medal becomes the only reason you bleed the pen — and when you put the pen down the moment no medals are waiting.

We can hold both truths at once.

I picked up the Press ID again, resting it around my neck. Time to set out and interview about stories needed to be told. No one asked me to do it. No one asked me to write it. There will be no stage, no recognition, and no applause when I tell the tale of their lives.

𝘼𝙣𝙙 𝙩𝙝𝙖𝙩’𝙨 𝙤𝙠𝙖𝙮. 𝙄 𝙬𝙞𝙡𝙡 𝙬𝙧𝙞𝙩𝙚 𝙖𝙗𝙤𝙪𝙩 𝙞𝙩 𝙖𝙣𝙮𝙬𝙖𝙮. 𝘽𝙚𝙘𝙖𝙪𝙨𝙚 𝙩𝙝𝙞𝙨 𝙞𝙨 𝙩𝙝𝙚 𝙬𝙚𝙞𝙜𝙝𝙩 𝙤𝙛 𝙖 𝙋𝙧𝙚𝙨𝙨 𝙄𝘿.

It is not bad to set your goals out for the nationals, but I hope this will not be the only reason why we are joining a publication — especially in this bloodbath and bludgeoning.",published,https://fgojhhgqpvnwtcqkornz.supabase.co/storage/v1/object/public/thumbnails/1790755623838-twhnkz.webp,2026-09-30 08:07:04.421+00,2026-09-30 08:07:04.614238+00,,,Sheena C. Panelo,,false,,,Reina Jyneh L. Sapigao,,2,,,,
9fabce64-2d13-4eda-b996-3097f08d5233,TSU studes snag title in 4th Refugee Film Fest Short Film Comp,news,Vincent Jayne B. Pallasigui,2026-07-21,2 min,Tarlac State University’s (TSU) entry to the 4th Refugee Film Festival secured the championship title in the short film category during the awarding ceremony held at the Natividad Fajardo-Rosario Gonzalez Auditorium of De La Salle…,"Tarlac State University’s (TSU) entry to the 4th Refugee Film Festival secured the championship title in the short film category during the awarding ceremony held at the Natividad Fajardo-Rosario Gonzalez Auditorium of De La Salle University, June 20.

Produced by TSU students Kharl Angelo Manaloto, Kissy Pingol, and Angel Gabrielle Rico under the TR3S Production, the entry titled “Tambol” revolves around the story of Ikil, a 19-year-old Badjao facing forced displacement, discrimination, and staleness in the city.

In an interview, Manaloto, the short film’s director, shared their journey in making the film, highlighting the complex roles they have to play and the things they went through to produce an award-winning entry. 

“Our team was composed of three people, kaya everything, from acting and writing, kami-kami lang. Sobrang complex ng mga roles namin sa pelikulang ito,” he shared.

“At first, I was unmotivated. I wanted to back out kasi tinatamad talaga ako and I was doubting my skills. Pero pumasok sa isip ko na, ‘the biggest loss you will have is not trying’,” he added.

More than the recognition, Manaloto emphasized the core message that the short film wants to convey.

“We wanted to show everyone that badjaos also want to own properties, have work opportunities, and be free from discrimination. We often see them begging, but why are they begging? It’s because of discrimination,” he noted.

With the award, Manaloto expressed his desire to direct his next film in the future with the aim of delivering a profound message to a broader audience.

“As of now, we are aiming to join more film contests to showcase our work and deliver a message that no one has seen before,” he stated.
The Work congratulates the TR3S Production for bringing home pride and honor. May you continue to use your platform to uphold the voices that deserve to be heard.",published,https://fgojhhgqpvnwtcqkornz.supabase.co/storage/v1/object/public/thumbnails/1790775194698-ym1cga.webp,2026-09-30 13:48:41.411+00,2026-09-30 10:30:51.165765+00,,TR3S Production,Rhian Justine A.D. Dela Cruz,,false,,,,,2,,,,university
a0af0563-fc40-4f58-86c1-ab342033d19c,"Agawang-lupa sa mga katutubo, inalmahan ng lokal na simbahan, mga progresibong grupo; mga residente, nagpahayag ng agam-agam",news,Renz Joshua D.T. De Vera,2026-08-13,3 min,"Inilarawan ng mga lider ng independent churches, mga kabataan, at ng mga pinunong lokal bilang 'di makatwirang panghihimasok sa mga sagradong lupa ng mga ninuno ang pagpapatag sa mga sakahan ng Sitio Binyanyan, at mga karatig sitio nito.","Inilarawan ng mga lider ng independent churches, mga kabataan, at ng mga pinunong lokal bilang 'di makatwirang panghihimasok sa mga sagradong lupa ng mga ninuno ang pagpapatag sa mga sakahan ng Sitio Binyanyan, at mga karatig sitio nito.

Ito ang naging sentro ng iba't-ibang mga hinain ng mga residente sa isinagawang Indigenous People's Celebration, sa ilalim ng open consultation sa mga katutubo, nitong Agosto 11.

Kabilang sa pagtitipon ang mga kawani mula sa mga sitiong maaapektuhan sa pagpapatayo ng Pax Silica Hub. Pinangunahan ng mga lider mula sa iba't-ibang sektor ang talakayan hinggil sa mga mayoryang problema tungkol sa kalikasan at inobasyon.

Sa mga ipinahayag na solidarity call, nanawagan ang mga katutubong lider na pagkakaisa ang magiging laban nila sa lumalagong agresyon at tensyon ng mga agawang-lupa.

“Mga kasama na magsasaka na apektado ng isyu, dapat ay magsama-sama tayo sa pagtutol sa Pax Silica. Ang pag-unlad ay dapat para sa karamihan at hindi para sa iilan lamang,” sambit ni Mang Nel, representante ng mga magsasaka.

Nilinaw ng mga residente na ang lupang katutubo ay ipinamana sa kanila ng mga ninuno. Ito ay matapos maapektuhan ang dating komunidad ng mga Aeta sa pagputok ng Mt. Pinatubo. Dito na raw sila lumaki nang mahabang panahon pagkaraan ng insidente, at nabubuhay na sila ngayon sa yaman ng lupa.

“Itinaboy na nga kami ng Mt. pinatubo, itataboy pa ng Pax Silica. Sa lupa kami nabuhay. Kung itataboy kami dito, paano pa kami mabubuhay?,” pahayag ni Ka Anton, isang katutubong lider.

Bukod sa mga pagpapatag sa Sitio Binyanyan, umaakyat na rin ang mga kuro-kuro at pag-aalala hinggil sa mababang pagbili ng lupa sa mga karatig na komunidad, partikular sa Sitio Kalangitan. 

Ang hinain ng mga lokal na nakatira roon ay ang patuloy nilang panawagan at saloobin sa pagprotekta ng kanilang sagrado na lupa. 
“Tayo po ay nasa Diyos. Dahil po pinagpala tayo, lalaban tayo. Lahat ng katutubo, nagmamahal sa kalikasan. Kami ang tagapangalaga nito, hindi ang Pax Silica,” pahayag ni Ka Tess, kinatawan ng komunidad.

Sa kabilang banda, nilinaw ng Bases Conversion Development Authority (BCDA) na wala diumanong maapektuhan na komunidad o sasakuping ancestral land ang itatayong AI Data Center sa Capas, Tarlac. Magbibigay din daw ito ng oportunidad sa workforce ng lalawigan at magpapalakas ng economic stronghold ng bansa.

Mariin itong pinabulaanan ng mga organisasyong dumalo sa pagtitipon. Ang problemang kinakaharap ng mga katutubo sa pagpapatag ng pinaniniwalaang “early phasing” ng proyekto ay isa na raw malinaw na indikasyon na mayroong nangyayaring diskriminasyon sa mga kapatid na Aeta.

“Ito po ay hindi totoo. The fact na nakakaranas po ang mga kapatid nating katutubo ng agresyon ay contradicting o pagtutol mula mismo sa kanilang mga sinabi,” pagdiriin ni Mx. Aisa, isang representate mula sa mga progresibong grupo.

Ang Pax Silica ay isang US-led economic security initiative na nakatakdang maging isa sa pinakamalaking AI data center sa Pilipinas. Itatayo ang 1,600-ektaryang pasilidad sa New Clark City, kung saan maraming ancestral domains ang maaring maapektuhan.

Partikular sa isyu na kinakaharap ng pagpapatayo ng nasabing pasilidad ay ang mababang bayad sa titulo ng lupa, malabong plano para sa relokasyon ng mga katutubo, hindi malinaw na diskurso sa pagitan ng mga lokal na lider, at mismatched opportunities para sa mga maapektuhan nito.

Ngayong nakabinbin at walang konkretong direksyon ang mga usapin laban sa lupa-to-silica, mananatiling puno ng mga agam-agam, ang dating payapang lupa ng Sitio Kalangitan, at ng mga karatig-komunidad sa paanan nito.",published,https://fgojhhgqpvnwtcqkornz.supabase.co/storage/v1/object/public/thumbnails/1790760954492-l7ehkt.webp,2026-09-30 16:10:38.151+00,2026-09-30 09:06:42.660729+00,,,Wildred G. Lamintao,,false,,,,,1,,,,local
b20d7322-f64b-4fe6-aa30-6c0880061e92,"Cine-tch Itey: Bakla, Kulayan mo ang Lente ng Mundo",features,Joshua Adrian N. Castro,2026-06-30,5 min,"Lingid sa kaalaman ng karamihan, sa tiyan daw ang pinakamabilis na daan tungo sa kaibuturan ng isang lalang. Busugin ito. Lamnan.","Lingid sa kaalaman ng karamihan, sa tiyan daw ang pinakamabilis na daan tungo sa kaibuturan ng isang lalang. Busugin ito. Lamnan. Kumbaga, h’wag mag-iiwan ng puwang sa kaniyang kaloob-looban. Pero, hindi alam ng iba, sa mata ang shortcut.

Kung puso lang din naman ang nais na maabot, ‘di sapat ang busog lang ito sa pag-ibig. Dapat, nakaiintindi rin. Na kapag tumagos sa paningin ang pag-ibig, dapat, lubos na unawa ng puso ang bawat gramo pagmamahal, maski katiting, maski hindi pangkaraniwan. At a kahit magpang-abot man sa kahit anong punto, palagi nitong pipiliing magpalaya.

Ito ang ihahain ng mga susunod na pelikulang bayan. Ihanda ang sarili. Buksan ang isipan, wakwakin kung maaari. Ating silipin ang iba’t ibang kulay ng pagmamahal gamit ang iisang lente ng kasarinlan.

𝐑𝐀𝐈𝐍𝐁𝐎𝐖’𝐒 𝐒𝐔𝐍𝐒𝐄𝐓

Isa sa mga tampok na pelikula ng 2018 Metro Manila Film Festival (MMFF), ang Rainbow’s Sunset handog ang kuwento nina Ramon at Fredo na pinatunayang kailanman ay hindi huli ang lahat para iladlad ang tunay na kulay ng bahaghari.

Hindi sinag ng araw ang sumalubong sa pag-iibigan nina Ramon at Fredo, kundi ang mapagkalingang titig ng buwan, mga nakaw na sulyap, at mga sandaling hindi kailangang ihayag. Ngunit kasabay sa takipsilim ang pag-agaw ng dilim sa makulay na buhay ni Fredo.

Isa sa mga makabagbag damdamin na tagpo ng pelikula ay ang pagkompronta ni Sylvia kay Fredo ukol sa lihim nila ni Ramon. Dito, sinambit ni Fredo ang mga katagang matagal nang nakaukit sa kaniyang puso: “Alam ko lugar ko. Alam kong mali. Alam kong bawal. Alam ko hindi ko na dapat siya ipaglaban.”

Sapagkat ayon sa lipunan, ito’y isang sakit—isang panandaliang yugto ng pagkalito sa sariling pagkakakilanlan. Kung ang sintomas ay ang pagbilis ng tibok ng puso, pagkapos ng hininga’t pagsikip ng dibdib tuwing kailangang magpanggap, ang tunay na karamdaman ay hindi ang kakayahan nilang magmahal. Ito ang malalang kanser ng pagtanggi at epidemyang bulag sa taglay na kulay ng bahaghari.

Ito ang pelikulang nagbibigay liwanag sa pananaw ng mga nakatatandang miyembro ng makulay na komunidad. Sa paglalakbay nina Ramon at Fredo, natagpuan nila ang yaman na mayroon sa dulo ng bahaghari. Hindi yari sa ginto, kundi galing sa puso. Isang pagmamahal u isinilang sa dilim, na ngayo’y malayang nakahihinga sa simoy ng gintong liwayway.

Sapagkat ang bahaghari sa kalangitan ay hindi kailanman maitatago. Gaano man kalakas ang ulan, darating ang oras na muli itong lilitaw—hindi lamang upang magbigay-kulay sa mundo, kundi upang ipaalala na ang bawat anyo ng pag-ibig ay nararapat makita.

𝐆𝐈𝐑𝐋, 𝐁𝐎𝐘, 𝐁𝐀𝐊𝐋𝐀, 𝐓𝐎𝐌𝐁𝐎𝐘

Sa unang tingin, ang pelikulang ito ay sumusunod sa komedyang Pilipino—maingay, mabilis ang mga tagpo upang humakot ng tawa sa takilya. Isa ito sa mga huling pelikulang binigyang buhay ni direktor Wenn V. Deramas kung saan ang wika ng pelikula ay isinasalin sa pamamagitan ng mga eksenang eksaherada na pinangungunahan ng komedyanteng si Vice Ganda.

Umiikot ang kuwento sa apat na magkakambal na pinaghiwalay ng tadhana at ng magkaibang estado sa buhay: sina Girlie, Peter, Mark Jill, at Panying. Nang magkasakit si Peter, napilitang mag-krus muli ang landas ng apat upang maghanap ng katugmang donor. Ngunit sa likod ng pilit na pag-aayos ng gusot sa kanilang pamilya, ang muling pagkikita ay nagdala rin ng komprontasyon sa pagitan ng kanilang mga pagkakaiba, kinalakihang mundo, at higit sa lahat—ang kanilang mga oryentasyon.

Tampok ng pelikula ang pagkakahati-hati. Sa pagbuo ng mga karakter na kumakatawan sa apat na kasarian, hinubog ng naratibo ang isang pira-pirasong salamin ng lipunang Pilipino.

Sa kultura na nakaugat pa rin sa relihiyosong doktrina at patriyarka, ang pagtatakda kung saan lamang pwedeng lumugar ay isang pang-araw-araw na pakikibaka. Ang bawat silid, bawat banyo, at bawat pampublikong lugar na ginagalawan ng mga karakter ay naging simbolo ng limitasyong ipinapataw ng lipunan.

Ngunit ang tunay na lakas ng pelikula ay hindi nagtatapos sa loob ng sinehan.

Dahil bago pa man hatulan at lagyan ng label ng isang mapanghusgang sistema ang katawan at pagkakakilanlan ng tao, ang pelikula ay nananatiling isang paalala: ang pag-iral ay hindi isang pagtatanghal, ito ay isang karapatan na walang sino man ang pwedeng humatol.

𝐑𝐎𝐎𝐊𝐈𝐄

Sa mundong ang pag-ibig ng mga kababaihan ay madalas ituring na bawal na laro, may mga pusong handang sumuway sa patakaran upang magwagi.

Higit pa sa kwentong palakasan, ang pelikulang Rookie (2023) ay sumasalamin sa karanasan ng mga kababaihang umibig sa kapwa babae. Isang naratibong patuloy na naiiba sa paningin ng marami, ngunit mga danas at dapat na may representasyon sa ating lipunan.

Naipinta ang obrang ito mula sa lente ng mga 𝘩𝘪𝘨𝘩 𝘴𝘤𝘩𝘰𝘰𝘭 𝘢𝘵𝘩𝘭𝘦𝘵𝘦 na sina Ace at Jana. Bilang 𝘵𝘦𝘢𝘮 𝘤𝘢𝘱𝘵𝘢𝘪𝘯 ng katunggali, malamig ang naging pagtanggap ni Jana kay Ace. Ngunit sa bawat ensayo, at bawat laban, ang distansiyang minsang namagitan sa kanila ay unti-unting napalitan ng mga sulyap, katahimikan, at mga damdaming hindi mapangalanan. Habang umaalingawngaw ang dagundong ng bawat palo ng bola, isang pag-ibig ang marahang sumabay sa ritmo ng laro—banayad, ngunit sapat upang baguhin ang takbo ng kanilang mga buhay.

Ngunit ang pinakamalakas na hampas ng pelikula ay wala sa tunggalian. Nang maranasan ni Ace ang panghihipo mula sa kanilang pisyoterapista, ang unang naging tugon niya ay ang nakasanayang kultura ng pag-aalinlangan: ang kumbinsihin ang sariling normal lamang ang marahas, ang piliing manahimik sa takot na walang makikinig.

Subalit sa sandaling ibinahagi niya ang bigat na ito kay Jana, ang kanilang umuusbong na romantikong ugnayan ay naging ligtas na kanlungan.

Sa bawat segundo ng pelikula ay naipipinta ang isang anyo ng pagmamahal na nararapat maranasan ng lahat—pagmamahal na hindi sumusukat sa kasarian, hindi nagpapataw ng takot, at hindi nagtatakda ng hangganan sa kung sino ang karapat-dapat mahalin. Sa pinakasimple nitong anyo, ipinapaalala ng pelikula na ang pag-ibig ay hindi kailanman dapat ikulong sa mga pamantayang itinakda ng lipunan, kundi hayaang umiral bilang isang puwersang mapagpalaya.",published,https://fgojhhgqpvnwtcqkornz.supabase.co/storage/v1/object/public/thumbnails/1790756033926-2b8p4n.webp,2026-09-30 08:13:54.636+00,2026-09-30 08:13:24.917535+00,Vincent Jayne B. Pallasigui,,Wildred G. Lamintao,,false,,,,,5,,,,
b52cd78d-e635-4f58-8d56-653d9419869e,"The Work makes YJPFC history, secures first-ever TVB championship, bags multiple awards",news,Nicolle C. Garcia,2026-09-06,3 min,"For the first time since 2023, The Work’s News Broadcast entry to the Young Journalists Press Freedom Congress (YJPFC) was named the 1st Overall Best in the conference’s fifth edition, while also securing top overall placements in the…","For the first time since 2023, The Work’s News Broadcast entry to the Young Journalists Press Freedom Congress (YJPFC) was named the 1st Overall Best in the conference’s fifth edition, while also securing top overall placements in the E-Magazine, Vertical Short-form Video, and Social Media categories, once again proving its journalistic dominance across Central Luzon.

Gathering alongside 412 collegiate journalists and publication advisers from 36 student publications at Plaza Antonino in Orani, Bataan, the publication brought honor to the university under the theme “Our Next Page: Young Journalists as Press Freedom Champions” with 108 total entries competing for the prestigious A-List Awards.

Here is the complete roster of awards secured by the publication:

𝐍𝐄𝐖𝑺 𝐏𝐑𝐎𝐃𝐔𝐂𝐓𝐈𝐎𝐍 – 𝐉𝐔𝐀𝐍𝐋𝐈𝐍𝐄 𝐏𝐈𝐋𝐈𝐏𝐈𝐍𝐀𝐒
1𝒔𝒕 𝑷𝒍𝒂𝒄𝒆 𝑶𝒗𝒆𝒓𝒂𝒍𝒍 𝑩𝒆𝒔𝒕 𝑵𝒆𝒘𝒔 𝑷𝒓𝒐𝒅𝒖𝒄𝒕𝒊𝒐𝒏
• 1st Place, Best News Reporter - Ivan Kerht Manguera
• 1st Place, Best News Script
• 2nd Place, Best Technical Application - Mark Adrianne Capulong
• 3rd Place, Best News Anchor - Roberto Luiz Macapagal
• 10th Place, Best Story

𝐄-𝐌𝐀𝐆𝐀𝐙𝐈𝐍𝐄 – 𝐌𝐄𝐓𝐀𝐍𝐎𝐈𝐀: 𝐀𝐏𝐔𝐇𝐀𝐏
2𝒏𝒅 𝑷𝒍𝒂𝒄𝒆 𝑶𝒗𝒆𝒓𝒂𝒍𝒍 𝑩𝒆𝒔𝒕 𝑬-𝑴𝒂𝒈𝒂𝒛𝒊𝒏𝒆
• 1st Place, Best Literary Page
• 1st Place, Best Page Design
• 2nd Place, Best Editorial Page
• 2nd Place, Best Feature Page
• 3rd Place, Best News Page
• 8th Place, Best Sports Page
• 9th Place, Best Cover Page

𝐕𝐄𝐑𝐓𝐈𝐂𝐀𝐋 𝐒𝐇𝐎𝐑𝐓 𝐅𝐎𝐑𝐌 𝐕𝐈𝐃𝐄𝐎 - 𝐋𝐎𝐎𝐊𝐎𝐔𝐓
3𝒓𝒅 𝑷𝒍𝒂𝒄𝒆 𝑶𝒗𝒆𝒓𝒂𝒍𝒍 𝑩𝒆𝒔𝒕 𝑽𝒆𝒓𝒕𝒊𝒄𝒂𝒍 𝑺𝒉𝒐𝒓𝒕 𝑭𝒐𝒓𝒎 𝑽𝒊𝒅𝒆𝒐
• 2nd Place, Best Content
• 5th Place, Best Reporter - Cristine Tiamzon
• 10th Place, Best Technical Application

𝐒𝐎𝐂𝐈𝐀𝐋 𝐌𝐄𝐃𝐈𝐀 𝐏𝐀𝐆𝐄
4𝒕𝒉 𝑷𝒍𝒂𝒄𝒆 𝑶𝒗𝒆𝒓𝒂𝒍𝒍 𝑩𝒆𝒔𝒕 𝑺𝒐𝒄𝒊𝒂𝒍 𝑴𝒆𝒅𝒊𝒂 𝑷𝒂𝒈𝒆
• 1st Place, Best News Entry by Andrei Opena – “DELAYED PROGRESS: TSU female dorm sparks questions over real construction progress; OFDM admits, clarifies delays”
• 3rd Place, Best News Photos Entry by Nikka Salamanca – “Capas, Tarlac residents, IPs protest stricter PAF restrictions in 5 barangays”
• 4th Place, Best DevComm Entry by Wildred Lamintao – “Hindi Lahat ng Tanim, Inaani: Ang Paggapas ng mga Biktima sa Parusang Hatid ng Tanim-Baril Modus”
• 4th Place, Best Literary Graphics Entry by Gwend Magbalot - “Pero? Pero”
• 6th Place, Best Literary Entry by Melissa Yuson - “Pero? Pero”
• 7th Place, Best Comics Strip Entry by Benny Dick Paraso – “Views on Layp”
• 8th Place, Best Sports Entry by Lord Baron Barcia – “CONCRETE DREAMS: A Tarlaqueño Skater’s Call For A Space Of Their Own”

Apart from these, the publication also stood out in the on-site individual and group competitions, landing these notable awards:

𝐈𝐍𝐃𝐈𝐕𝐈𝐃𝐔𝐀𝐋 𝐂𝐀𝐓𝐄𝐆𝐎𝐑𝐈𝐄𝐒
• 3rd Place, Journalistic Position Writing (English) - Patricia Liana Lomboy
• 4th Place, Mobile Journalism - Roberto Luiz Macapagal

𝐂𝐎𝐋𝐋𝐀𝐁𝐎𝐑𝐀𝐓𝐈𝐕𝐄 𝐁𝐑𝐀𝐍𝐃 𝐃𝐄𝐒𝐈𝐆𝐍𝐈𝐍𝐆
• 3rd Place, Best Visual Identity - Allan Tipon Jr.
• 4th Place, Best Brand Voice - Clarisse Fajardo
• 4th Place, Best Logo Design - Rhian Justine Dela Cruz

Meanwhile, reflecting on the core values that must drive student media forward, Dr. Gladie Natherine G. Cabanizas, adviser of The Work, reminded the delegates during her keynote speech to anchor their publications on unyielding principles and ethical integrity.

“Be the ones who are unwilling to be dictated and silenced. That is what you should leave to your student publication. By that, you will be remembered as the writers and the editorial board, who were unwilling to be taken down,” she highlighted.",published,https://fgojhhgqpvnwtcqkornz.supabase.co/storage/v1/object/public/thumbnails/1790762698699-0k0r7n.webp,2026-09-30 16:13:21.616+00,2026-09-30 08:13:57.884983+00,,,Rhian Justine A.D. Dela Cruz,,false,2026-09-06 11:11:00+00,Sheena C. Panelo,,,7,,,,university
c02d8065-d253-40f1-9038-fc593f59e6a3,Comelec Tarlac City called out for allegedly “turning away” voter registration applicants on last day,news,Andrei P. Opeña,2026-05-18,2 min,"Ken Austria, a law student and formerly a bemedalled power lifter from Tarlac State University (TSU), took to Facebook to air his frustration over the conduct of Comelec Tarlac City, specifically one of its election officers, during the…","Ken Austria, a law student and formerly a bemedalled power lifter from Tarlac State University (TSU), took to Facebook to air his frustration over the conduct of Comelec Tarlac City, specifically one of its election officers, during the last day of nationwide voter registration today, May 18.

In his post, Austria shared that his brother, who was supposed to register as a voter, was allegedly turned away despite arriving at the registration center at a time still “well within operating hours.”

According to Austria, the election officer, who he said to have been Ruth Ellaine Dimarucot, refused to accommodate applicants due allegedly to “limited stubs” and “maximum capacity.”

“This is a direct violation of RA 8189 and COMELEC’s own resolution on Last Day Registration,” he stated.

Austria specified Sec. 8 of RA 8189, or the “Voter’s Registration Act”, and Sec. 6(b) of the COMELEC Resolution No. 11177, as two of the provisions of the regulations the officer violated. He argued, “My brother was there at 1:30 PM. Office hours run until 5:00 PM. There is no legal basis for refusal.”

He added that the officer’s conduct also constitutes a potential election offense under Sec. 45 (j) in relation to Sec. 8, which Sec. 46 of the law penalizes with imprisonment of not less than 1 year but not more than 6 years, disqualification from public office, and deprivation of the right of suffrage.

Additionally, they were questioned as to why they had only filed for registration now, to which Austria asserted that there is no provision in the law that requires a voter to register within a specific timeframe.

“My brother is now deprived of his right to vote in the BSKE through no fault of his own,” Austria lamented.

As of press time, there is no official statement released from the official Facebook page of Comelec Tarlac City.",published,https://fgojhhgqpvnwtcqkornz.supabase.co/storage/v1/object/public/thumbnails/1790765343110-5ljlyb.webp,2026-09-30 16:13:02.5+00,2026-09-30 10:48:35.189693+00,Ken Austria,,,,false,,,,,0,,,,local
c9d7baca-8004-48ed-a214-ef7a494f1631,Pax Parasitica: The Silicon Leech,opinion,,2026-07-21,5 min,,"The history of the Philippines is a long study in parasitic extraction: foreign powers latching onto the archipelago, slowly feasting on our soil, power, and minerals while leaving the host diminished. Like any insidious infection, this systemic exploitation thrives in the shadows, dismissed as routine commerce or celebrated as development.

One of the latest manifestations of this dynamic comes packaged as Pax Silica—a US-driven initiative aiming to integrate the Philippines into the global semiconductor assembly chain. Official narratives paint a picture of mutual prosperity, celebrating economic zones like New Clark City as hubs of modern innovation. Yet, a closer look reveals that this ""silica peace"" is strictly one-sided.

By tethering our national resources to foreign strategic interests, the state surrenders mineral wealth, agricultural land, and energy supply for low-margin assembly work. 𝗙𝗮𝗿 𝗳𝗿𝗼𝗺 𝗲𝗹𝗲𝘃𝗮𝘁𝗶𝗻𝗴 𝗻𝗮𝘁𝗶𝗼𝗻𝗮𝗹 𝗶𝗻𝗱𝘂𝘀𝘁𝗿𝘆, 𝗣𝗮𝘅 𝗦𝗶𝗹𝗶𝗰𝗮 𝗶𝗻𝘀𝘁𝗶𝘁𝘂𝘁𝗶𝗼𝗻𝗮𝗹𝗶𝘇𝗲𝘀 𝘁𝗵𝗲 𝗻𝗮𝘁𝗶𝗼𝗻’𝘀 𝘀𝘁𝗮𝘁𝘂𝘀 𝗮𝘀 𝗮𝗻 𝗲𝘅𝗽𝗹𝗼𝗶𝘁𝗲𝗱 𝗵𝗼𝘀𝘁—𝘀𝗮𝗰𝗿𝗶𝗳𝗶𝗰𝗶𝗻𝗴 𝗣𝗵𝗶𝗹𝗶𝗽𝗽𝗶𝗻𝗲 𝘀𝗼𝘃𝗲𝗿𝗲𝗶𝗴𝗻𝘁𝘆 𝗮𝗻𝗱 𝗲𝗻𝘃𝗶𝗿𝗼𝗻𝗺𝗲𝗻𝘁 𝘁𝗼 𝗳𝗲𝗲𝗱 𝘁𝗵𝗲 𝘁𝗲𝗰𝗵 𝗺𝗼𝗻𝗼𝗽𝗼𝗹𝗶𝗲𝘀 𝗼𝗳 𝘁𝗵𝗲 𝗪𝗲𝘀𝘁.

Undeniably, the state continues to surrender the nation’s vital reserves—enriching foreign monopolies and local elites while the Filipino majority pays the toll in displaced communities and depleted lands.

𝗧𝗵𝗲 𝗵𝘂𝗺𝗮𝗻 𝗰𝗼𝘀𝘁 𝗼𝗳 𝗣𝗮𝘅 𝗦𝗶𝗹𝗶𝗰𝗮 𝗳𝗮𝗹𝗹𝘀 𝗵𝗲𝗮𝘃𝗶𝗲𝘀𝘁 𝗼𝗻 𝘁𝗵𝗲 𝘄𝗼𝗿𝗸𝗶𝗻𝗴 𝗰𝗹𝗮𝘀𝘀—𝘀𝗽𝗲𝗰𝗶𝗳𝗶𝗰𝗮𝗹𝗹𝘆 𝘁𝗵𝗲 𝗳𝗮𝗿𝗺𝗲𝗿𝘀 𝘄𝗵𝗼𝘀𝗲 𝗹𝗮𝗻𝗱 𝗶𝘀 𝗰𝗼𝗻𝘃𝗲𝗿𝘁𝗲𝗱 𝘁𝗼 𝗳𝗲𝗲𝗱 𝗳𝗼𝗿𝗲𝗶𝗴𝗻 𝗶𝗻𝗳𝗿𝗮𝘀𝘁𝗿𝘂𝗰𝘁𝘂𝗿𝗲.The establishment of the 4,000-acre Economic Security Zone in New Clark City, Capas, Tarlac directly threatens agrarian communities and indigenous populations with displacement, transforming fertile agricultural grounds into an industrial processing hub.

Agricultural advocacy groups like Kilusang Magbubukid ng Pilipinas (KMP) emphasize that giving away vast tracts of land to foreign-backed consortia under the Luzon Economic Corridor is a form of state-sanctioned land grabbing. Instead of investing in genuine agrarian reform and local food sovereignty to feed millions of Filipinos, the state treats rural land as disposable real estate to be handed off to Western technology firms.

When indigenous communities and tenant farmers are pushed off their ancestral lands to make way for foreign-owned data centers and processing plants, it exposes the brutal reality: 𝘁𝗵𝗲 ""𝗳𝘂𝘁𝘂𝗿𝗲"" 𝗽𝗿𝗼𝗺𝗶𝘀𝗲𝗱 𝗯𝘆 𝗣𝗮𝘅 𝗦𝗶𝗹𝗶𝗰𝗮 𝗶𝘀 𝗯𝘂𝗶𝗹𝘁 𝗼𝗻 𝘁𝗵𝗲 𝗮𝗰𝘁𝗶𝘃𝗲 𝗲𝗿𝗮𝘀𝘂𝗿𝗲 𝗼𝗳 𝘁𝗵𝗲 𝗰𝗼𝘂𝗻𝘁𝗿𝘆’𝘀 𝗮𝗴𝗿𝗶𝗰𝘂𝗹𝘁𝘂𝗿𝗮𝗹 𝗯𝗮𝗰𝗸𝗯𝗼𝗻𝗲.

Beyond land displacement, Pax Silica introduces catastrophic environmental risks that will leave lasting scars on local ecosystems. Critical mineral processing—such as extracting and refining nickel, copper, and cobalt needed for advanced circuitry—is notorious for toxic runoff, soil contamination, and heavy metal leaching.

Environmental groups and scientists from the University of the Philippines point out that hosting hyperscale data centers and semiconductor assembly facilities will drain massive amounts of local water and power grids. Data center cooling systems alone consume millions of gallons of water daily, threatening to trigger severe water conflicts in Luzon where local communities already face seasonal water shortages.

The historical precedent is damning: just as former US military bases in Clark and Subic left behind a legacy of uncleaned toxic waste and groundwater contamination, 𝗣𝗮𝘅 𝗦𝗶𝗹𝗶𝗰𝗮 𝗿𝗶𝘀𝗸𝘀 𝘁𝘂𝗿𝗻𝗶𝗻𝗴 𝗖𝗲𝗻𝘁𝗿𝗮𝗹 𝗟𝘂𝘇𝗼𝗻 𝗶𝗻𝘁𝗼 𝗮𝗻 𝗲𝗰𝗼𝗹𝗼𝗴𝗶𝗰𝗮𝗹 𝘀𝗮𝗰𝗿𝗶𝗳𝗶𝗰𝗲 𝘇𝗼𝗻𝗲 𝗳𝗼𝗿 𝗴𝗹𝗼𝗯𝗮𝗹 𝘁𝗲𝗰𝗵 𝘀𝘂𝗽𝗽𝗹𝘆 𝗰𝗵𝗮𝗶𝗻𝘀.

While the government boasts that Pax Silica will generate thousands of jobs, a closer look at the electronics sector reveals a pattern of labor exploitation and industrial stagnation. Labor alliances, such as the Metal Workers Alliance of the Philippines (MWAP), point out that the Philippines remains trapped at the absolute bottom of the semiconductor value chain.

The high-value, intellectual-property-heavy stages—such as integrated circuit design, frontier AI model development, and high-margin fabrication—remain strictly locked in Western nations like the US. What the Philippines receives are low-margin, high-hazard jobs in assembly, testing, packaging, and raw mineral extraction.

Filipino workers are subjected to grueling quota systems, exposure to toxic chemicals, and low wages, all while the state suppresses genuine unionization to maintain a ""competitive, flexible"" labor force. Far from creating a local ""Silicon Valley,"" Pax Silica locks Filipino workers into a cycle of manual, low-wage assembly without transferring high-tech capabilities to the nation.

Ultimately, Pax Silica strips away any romanticized notion of a mutually beneficial ""special relationship"" between the US and the Philippines, revealing a dangerous military-economic arrangement. Under the banner of ""friend-shoring"" and the Luzon Economic Corridor, the United States is not offering benevolence; it is securing its own geopolitical dominance against China by turning the Philippines into a forward supply base and mineral buffer zone.

This dynamic encroaches on Philippine national sovereignty, entangling the country deeper into inter-imperialist rivalries and painting a target on critical infrastructure in Tarlac and Clark in the event of regional conflict. By surrendering policy autonomy, land, and critical mineral reserves under terms that prioritize foreign national security over local development, the Philippine government confirms that ""friend-shoring"" is merely modern neocolonialism—a strategy where foreign powers call the shots, while the host nation bears all the risk.

A country that surrenders its soil, water, and minerals to sustain foreign power is not a partner in progress—it is an exploited host. Pax Silica offers the Philippines the illusion of technological advancement, but the reality is a familiar biological truth: the leech thrives while the body weakens.
Every acre of farmland surrendered in Tarlac and every gallon of water diverted for foreign data centers is a toll paid to maintain an unequal imperialist order. The choice is clear: the country can continue to let foreign monopolies and complicit local elites drain the nation’s vitality, or pull back the diplomatic veneer, reject this parasitic dynamic, and demand a future where Philippine resources serve no one’s interests but its own citizens.

When the host is finally bled dry and its resources exhausted, the parasite does not mourn; it simply moves on to feast elsewhere.",published,https://fgojhhgqpvnwtcqkornz.supabase.co/storage/v1/object/public/thumbnails/1790755808086-4qv6ms.webp,2026-09-30 08:10:09.638+00,2026-09-30 08:10:09.900623+00,,,,,false,,,,,1,,,,editorial
cb51cf3d-cdbe-4d4d-81ea-d1229aebf0e0,"Mga progresibong grupo, nagprotesta sa Tarlac sa ika-54 anibersaryo ng Martial Law; proyektong Pax Silica, tinutulan",news,Vincent Jayne B. Pallasigui,2026-09-22,3 min,"Bilang pag-alala sa masalimuot na nakaraan at paghiyaw sa pagbabago, nagtipon sa F. Tañedo Street,","Bilang pag-alala sa masalimuot na nakaraan at paghiyaw sa pagbabago, nagtipon sa F. Tañedo Street, Tarlac City ang mga progresibong grupo, akitibista, at residente at katutubo mula Capas, Tarlac para sa isang kilos-protesta kaugnay ng ika-54 anibersaryo ng deklarasyon ng Martial Law sa bansa at upang ipagtanggol ang kanilang lupang ninuno kahapon, September 21.

Kasama ang Kabataang Tarlakenyo para sa Bayan (KTB), Kabataan ng Gitnang Luzon (KGL), at AMBALA, sinimulan ang protesta sa mga pahayag na nagpaalala sa mga inhustiya na dinanas ng mga Pilipino noong panahon ng Batas Militar sa ilalim ng rehimeng Marcos Sr..
Kabilang din sa mga usaping tinalakay ang planong pagtatayo ng data hub na Pax Silica ng Estados Unidos sa New Clark City, Capas, Tarlac na mariing tinutulan, lalo na ng mga residente at katutubong maapektuhan nito.

“Nandito po kami ngayon lumalaban dahil hindi po kami pumapayag. Malaking kawalan po sa aming kalikasan ang kanilang proyekto,” pahayag ni Tatay Nelson, isang katutubo mula Capas na dumalo sa protesta. 

Giit pa niya, paano na lang ang mga magsasaka sa mga lugar na maaapektuhan kung itatayo ang Pax Silica. 

“Hindi naman pag-unlad kundi maraming mahihirapan. Dahil sa aming lupa ay kabundukan at sa kalikasan, maraming maapektuhan. Kami po ay hindi pumapayag at lumalaban dahil hindi lang po kami at mga magsasaka [ang madadamay],” ani Tatay Nelson.

“Kami po ay sama-samang kumikilos upang maipahayag sa gobyerno na huwag pong gawin sa amin iyon dahil ginagalang po namin sila. dapat matuto silang gumalang sa aming mga katutubo,” dagdag pa niya.

Kasunod nito, nagmartsa ang raliyista patungo sa tapat ng Downtown Market, kung saan nagbigay ng pahayag ang mga biktima ng Martial Law, mga kasamahang katutubo, at ang mga estudyante-aktibista.

Sa pagpapatuloy ng protesta, naramdaman ang presensya ng kapulisan at ilang miyembro ng Armed Forces of the Philippines (AFP) na nakabantay sa kahabaan ng daan. 

Sa kabila nito, hindi natinag ang mga raliyista at pansin ang paglakas ng kanilang sound system habang isinisigaw ang mga panawagan ng taumbayan. 

“Hindi na bago ang barikada sa mga lansangan upang harangan ang mga raliyista,” saad ni John Mc Miel Guerero, isa sa mga estudyante-aktibista mula Tarlac Satate University (TSU), sa isang panayam.

Panawagan niya sa mga iskolar ng bayan na pagsilbihan ang taumbayan. “I-exercise natin ang ating academic freedom. Pag-aralan ang lipunan. Through rallies, sa pakikilahok sa mga ganitong programa ay masusuklian natin ‘yung hirap na ginagawa ng mga nagbabayad ng buwis.”

“Sa mga kabataan na gustong sumali sa mga ganitong programa ay huwag kayong matakot na makibaka dahil ito ay karapatan natin bilang Pilipino,” dagdag pa niya.

Bukod sa Tarlac, nagkasa rin ng kaparehong kilos ang iba’t ibang progresibong grupo at kabataan sa iba’t ibang parte ng bansa bilang pag-alala sa Martial Law at upang tutulan ang lumalalang pasismo.",published,https://fgojhhgqpvnwtcqkornz.supabase.co/storage/v1/object/public/thumbnails/1790755015750-fre69e.webp,2026-09-30 16:10:28.301+00,2026-09-30 07:56:56.375641+00,,Vincent Jayne B. Pallasigui,,,false,2026-09-22 00:16:00+00,,,,4,,,,local
ccab7093-a1f7-4064-b771-9cd0ae06ab11,"Katutubo, progresibong grupo nagkaisa; naglunsad ng alyansa kontra Pax Silica",news,Janeth G. Gamboa,2026-09-01,6 min,"Katutubo, progresibong grupo nagkaisa; naglunsad ng alyansa kontra Pax Silica Kasabay ng paggunita ng Araw ng mga Bayani, mahigit 200 mula sa higit 70 organisasyon sa Mary Hill School of Theology sa Quezon City ang dumalo…","Kasabay ng paggunita ng Araw ng mga Bayani, mahigit 200 mula sa higit 70 organisasyon sa Mary Hill School of Theology sa Quezon City ang dumalo sa pormal na paglunsad sa Network Opposed to Pax Silica (NO to Pax Silica), isang alyansang kumokontra sa US-led Pax Silica initiative at ang pagtatag ng Economic Security Zone (ESZ) sa New Clark City, Tarlac, Agosto 31.

Nagsama-sama sa paglunsad ang mga katutubong Ayta at mga magsasaka mula sa Tarlac, mga environmental, peace, at human rights advocates, kabataan at estudyante, faith-based groups, at iba pang sektor upang talakayin ang mga epekto ng Pax Silica.

𝗞𝗮𝘁𝘂𝘁𝘂𝗯𝗼𝗻𝗴 𝗔𝘆𝘁𝗮, 𝘁𝘂𝗺𝗶𝗻𝗱𝗶𝗴

Isa sa pangunahing tampok ng programa ang panel discussion hinggil sa iba’t ibang usapin na nakapalibot sa 1,600-ektaryang development project, kabilang ang land grabbing, displacement, environmental degradation, resource extraction, developmental priorities, national sovereignty, at peace.

Tinalakay ni Apung Petronila Capiz-Muñoz, Ayta Chieftain ng Sitio Sapang Kawayan sa Capas, Tarlac, ang pangambang mawala ang kanilang lupa at kabuhayan dahil sa mga plano sa kanilang ancestral domain.
Ayon kay Capiz-Muñoz, binigyan umano ng Bases Conversion and Development Authority (BCDA) ang kanilang komunidad ng hanggang Disyembre upang lisanin ang kanilang lupang ninuno.

Aniya, hindi umano ipinaliwanag sa kanila kung anong partikular na proyekto ang itatayo sa kanilang lupa at nalaman na lamang nila sa social media na ito pala ay ang Pax Silica na itatayo sa New Clark City.

""Alam niyo naman po kung sino at sa amin na ang lupa ay buhay po namin... Paano po ang aming kabuhayan kung mawawala ang aming lupa at gagawing proyekto ng Pax Silica? Kaya po kami andito ngayon, nananawagan po sa inyo. Paulit-ulit na naman po ang mga pangyayari,"" ani Capit-Muñoz.

Dagdag pa ni Capiz-Muñoz, nagsimula nang makaranas ng harassment mula sa militar ang ilang miyembro ng kanilang katutubo dahil sa pagtutol sa proyekto.

Ibinahagi rin niya ang naging karanasan ng kanilang komunidad noong 2019 bago magsimula ang COVID-19 pandemic, nang sinabihan umano silang lumisan sa kanilang ancestral lands sa loob ng pitong araw kasabay ng pagsisimula ng clearing operations sa kanilang kabundukan.

Sa halip na sumunod, nagtayo ang mga katutubo ng mga harang upang pigilan ang pagpapatuloy ng clearing operation. Gayunman, nagpatuloy ang pagkasira ng bahagi ng kanilang kabundukan.

Ayon sa kaniya, ang ilang sagradong bundok at kuweba na mahalaga sa kanilang komunidad ay naapektuhan ng mga development project at ginawang bahagi ng mga bagong pasilidad gaya ng golf course, resorts, at hotels.

Binigyang-diin ng lider-Ayta na ang lupang kanilang ipinaglalaban ay hindi lamang tirahan kundi pangunahing pinagkukunan ng pagkain, kabuhayan, at iba pang pangangailangan.

“Mawawala kami lahat, paano na lang ang aming salinlahi?” ani niya.

𝗔𝗜 𝗿𝗮𝗰𝗲

Tinalakay naman ni Dr. Giovanni Tapang, Chair Emeritus ng Advocates for Sciences and Technology for the People (AGHAM) at dating Dean ng UP Diliman College of Science, ang papel ng mga yamang mineral sa Pax Silica at ang kaugnayan nito sa pandaigdigang kompetisyon sa teknolohiya.

Ayon kay Tapang, mahalagang maunawaan kung kaninong pangunahing interes ang silbi ng Pax Silica, lalo na sa gitna ng patuloy na tunggalian ng Estados Unidos at China sa artificial intelligence (AI) at sa semiconductor technology. Kasama na rito na nais maunahan ng US ang China sa produksiyon ng AI chips.

“Itong Pax Silica na ito malinaw na sa US na mismo sinabi para sa interes ng US,” ani Tapang.
Dagdag pa ni Tapang, hindi lamang paggawa ng computer chips ang nakapaloob sa usapin kundi maging ang pagkuha at pagproseso ng mga mineral at pagtatayo ng mga data center. 

Ibinahagi rin niya ang mga pangamba hinggil sa posibleng epekto ng proyekto sa suplay ng tubig at kuryente. Nabanggit din niya ang kakailanganing pagtayo ng water collection facility dahil sa malaking pangangailangan ng AI hub sa tubig na inaasahang aabot sa 60-90 milyong litro kada araw.

Itinaas din sa diskusyon ang pangangalap at konsentrasyon ng mga rare earth minerals, kabilang ang radioactive minerals gaya ng thorium, gayundin ang posibleng hamon sa waste management.

𝗨𝗦-𝗖𝗵𝗶𝗻𝗮 𝗿𝗶𝘃𝗮𝗹𝗿𝘆

Samantala, iginiit ni Teddy Casiño, chairperson ng Bagong Alyansang Makabayan, na hindi dapat tignan ang Pax Silica bilang isang simpleng programang pang-ekonomiya, ngunit isang malawak na heopolitikal na konteksto.

Ayon kay Casiño, ipiniprisinta ang proyekto bilang oportunidad para makapasok ang Pilipinas sa global AI supply chain, makahikayat ng investments, makalikha ng mga trabaho, at makasabay sa pag-unlad ng teknolohiya.

“Pero dapat nating maunawaan na ang Pax Silica ay higit pa sa usapin sa ekonomiya. Ito ay bunga ng tumitinding tungalian sa pagitan ng US at China para kontrolin ang pinakamodernong teknolohiya at sa muli para kontrolin ang pandaigdigang ekonomiya,” ani Casiño.

Binigyang-pansin din niya ang koneksyon ng kompetisyon sa AI sa kompetisyong pangmilitar kung saan tinawag niyang isang “weaponization” ng Philippine industrial development ang planong proyekto.

Ayon kay Casiño, bahagi ng estratehiya ng Estados Unidos ang pagpapalakas ng tinatawag na “First Island Chain” laban sa China kung saan maaring magsilbi ang Pilipinas hindi lamang bilang bahagi ng global technology supply chain kundi lokasyon para sa mga US military bases.

Idiniin din niya ang panganib na maaaring harapin ng bansa sakaling lumala ang tensyon sa pagitan ng Estados Unidos at China, partikular na sa usapin ng Taiwan Strait.

Para kay Casiño, kailangang mapanatili ng Pilipinas ang kakayahang magpasya para sa sariling industriyalisasyon, paggamit ng likas na yaman, at kinabukasan ng bansa at hindi maging daluyan ng kontrol ng ibang bansa.

“Ang industriyalisasyon ng Pilipinas ay dapat para sa Pilipinas, ang soberanya ng Pilipinas ay dapat manatili sa mga Pilipino, at ang kinabukasan ng Pilipinas ay dapat tayong mga Pilipino ang magpapasya.”

𝗪𝗶𝗻𝗱𝗼𝗿𝘀𝗸𝗶, 𝗻𝗮𝗻𝗶𝗻𝗱𝗶𝗴𝗮𝗻

Nagbigay din ng recorded video statement si Miss Universe Philippines 2026 Bea Millan-Windorski, kung saan ipinahayag niya ang pagtutol sa panukalang Pax Silica at ang pag-alala sa posibleng epekto nito sa mga magsasaka, katutubo, at kalikasan sa Tarlac.

Sa kaniyang pahayag, sinabi ni Windorski na bagamat may mga assurance umano mula sa BCDA na hindi maapektuhan ang mga bukiran, may mga ulat na 92 magsasaka sa Barangay O’Donnell, Capas, Tarlac ang hinihikayat nang lisanin ang lupang kanilang sinasaka. Binanggit din niya ang ulat na nasa 500 pamilya sa Barangay Sta. Lucia, Capas, Tarlac ang maaaring maapektuhan ng proyekto.

Ayon kay Windorski, hindi lamang pagkawala ng kabuhayan ang dapat pagtuunan ng pansin kundi maging ang posibleng epekto sa mga indigenous communities na matagal nang nangangalaga sa lupain.

“This National Heroes Day, may we remember that our true heroes are reflected in the faces of the indigenous, the minor, subsistence farmers and the marginalized,” pahayag ni Windorski.

(Ngayong Araw ng mga Bayani, alahanin natin na ang ating tunay na mga bayani ay makikita sa mga mukha ng mga katutubo, ang minorya, magsasakang nagsusumikap, at sa mga nasa laylayan.)

Ayon sa NO to Pax Silica, kabilang sa kanilang mga unang hakbang ang pagbisita sa mga katutubo at farming communities na sinasabing maapektuhan ng ESZ sa Capas, Tarlac. Plano rin ng alyansa na magsagawa ng mga public forum upang palawakin pa ang diskusyon hinggil sa Pax Silica at sa mga posibleng epekto nito.

Samantala, inaasahang lalagda ang Pilipinas at Estados Unidos sa isang pormal na framework agreement sa Pax Silica sa Nobyembre, na posibleng isabay sa pagdaraos ng ASEAN Summit sa Maynila.

Maaaring panoorin ang live rito: 
https://www.facebook.com/share/v/1CC6MXvyqx/",published,https://fgojhhgqpvnwtcqkornz.supabase.co/storage/v1/object/public/thumbnails/1790756500908-k4q5vd.webp,2026-09-30 16:14:09.949+00,2026-09-30 08:19:47.724025+00,,ALAB Against Pax Silica,Rhian Justine A.D. Dela Cruz,,false,2026-09-01 05:18:00+00,,,,3,,,,local
cd9f9c16-ead9-4e8d-9ee5-e01871ed223c,Nothing's Too Lita: Crumbs of Grace in a World of Leftovers,features,Kate Aira L. Mendoza,2026-02-05,5 min,"She does not multiply bread—she collects the crumbs, and in them, she finds enough to keep living. Long before the city learns hunger again, Apung Lita’s day begins in the ruins of other people’s fullness.","She does not multiply bread—she collects the crumbs, and in them, she finds enough to keep living.

Long before the city learns hunger again, Apung Lita’s day begins in the ruins of other people’s fullness. While many sleep off its excess, she walks through its leftovers, scraping from gates where comfort has already abandoned. There is no miracle in her routine, only a quiet indictment: A nation that feeds on convenience will always need someone to clean its appetite.

𝐀 𝐑𝐞𝐜𝐢𝐩𝐞 𝐟𝐨𝐫 𝐒𝐮𝐫𝐯𝐢𝐯𝐚𝐥

Before the morning light touches the tin roofs of her home, Apung Lita is already stirring her day. The kettle hisses softly, the smoke curls upward like incense, and in that quiet hour, she moves like someone who has long made peace with the weight of labor.

Her real name is Nenita Velasco Valenzuela, seventy-eight years old from Concepcion, Tarlac, but in the neighborhood, everyone calls her Apung Lita, a nickname that outlived her husband Apung Lito. To them, she is the old woman wearing a worn shirt, cracked rubber boots, and lifting her plastic pail that reeks with rotten food.

House by house, she gathered what people left hanging at their gates, kanyaw, a mix of fish bones, soggy rice, vegetable peels, all gathered with care, as though each were a small miracle.

By midmorning, the pail can weigh more than ten kilos. She hauls it through streets that steam with the smell of yesterday’s meals, her steps always steady and unhurried.

For more than a decade, this has been her livelihood: collecting leftovers, selling them as feed for those who had animals to feed, and sustaining herself from what others no longer want.

The pay was not stable; some days she earned enough for food, and on most days, almost nothing, as she was also doing this for free to help her fellow elder, who was the caretaker of the animals that needed to be sustained.

When asked if she ever feels weary, she smiles. “Hindi ako pinapabayaan ng Diyos,” she says. “Alam mo si Jesus marunong sa lahat. Kapag alam na walang wala ka may darating. Kapag mabigat na, magdasal ka lang. Kayo na po bahala sa akin.”

𝐓𝐡𝐞 𝐓𝐚𝐬𝐭𝐞 𝐨𝐟 𝐖𝐚𝐬𝐭𝐞

There is a bitter irony in the world’s appetite. The UN Environment Program estimates that the Philippines throws away 930,000 tons of edible food each year—enough to feed the hungry many times over. In homes where tables overflow, plates are cleared without a thought; in places like Apung Lita’s, nothing is ever too small to keep.

But statistics don’t rot in the sun; scraps do. And Apung Lita is the one who touches them, lifts them, sorts them—ten kilos of evidence that comfort always comes with casualties.
People like to call what she does “resourceful.” They mean it kindly, but the word tastes off. It hides the truth that her resourcefulness exists only because someone else can afford to waste. Her labor survives in the cracks between the full and the starving, the fed and the forgotten.

To others, kanyaw is leftovers. To Apung Lita, it is currency. The waste becomes pig feed, and her earnings a few coins. Every grain of rice in her pail once had a story: of celebration, convenience, or carelessness. In gathering them, she gathers us—our appetites, our blind spots, our guilt disguised as generosity. And the aftertaste is never clean.

Apung Lita lives in a world that romanticizes cleanliness and consumption, yet she dwells in the sacred middle where dirt and faith coexist. She salvages what others call trash, not just to live, but to insist that nothing should be thrown away so easily, not food, not people, not hope.

𝐋𝐞𝐟𝐭, 𝐛𝐮𝐭 𝐧𝐞𝐯𝐞𝐫 𝐎𝐯𝐞𝐫

Most people stop working at sixty. Apung Lita is seventy-eight, and her mornings still begin before sunrise. While others her age count pension money or watch television reruns, she walks the same road with the same pail, collecting what leaves to rot. Retirement, for her, was never an option—just another word that belonged to people who could afford to stop.

Her faith now runs on repetition: wake, walk, gather, sell, survive. The weight she carries is not only ten kilos of food waste, but years of labor that never earned her rest.

She has worked all her life. In factories that smelled of rust, hauling firewood through mud, and feeding other people’s animals with other people’s scraps. When her husband died, the world did not pause for mourning. Bills kept coming; hunger didn’t wait. So she moved, and kept moving.

At home, she boils malunggay and cold rice, eating what’s left with the same patience she carries on the street. There is no bitterness in her face, only the kind of fatigue that has learned to keep going.

Faith, for her, is not worship but endurance, the belief that if she walks one more day, she’ll make enough to walk another. And in a country where many dream of retiring, her persistence is a harder truth: that for some, survival simply has no age limit.

If there is poetry in Apung Lita’s life, it lies in her quiet defiance. She does not chase comfort, but she embodies contentment. She does not ask for abundance, yet she gives proof that grace can be recycled, repurposed, renewed.

There are days when her steps slow, when the road feels longer and the air heavier. Yet she walks still through puddles, through prayer, through pain. Perhaps she walks not just to earn, but to stay alive in motion. Her body, worn yet unyielding, is a living metaphor for the stubborn endurance of the poor, those who have learned to make meaning out of what little remains.

To watch her is to witness a quiet theology: that holiness is not found in perfection, but persistence. That even in waste, there can be wonder. That the world, despite its hunger and hypocrisy, is still capable of being fed by grace.

Apung Lita is not a saint in marble. She is the kind of saint that smells of smoke and earth whose miracles are quiet and constant. She does not multiply bread; she collects the crumbs. She does not preach; she practices.

Her gospel is simple: that what sustains us need not be grand, only enough. Because what keeps her alive is not abundance, but what abundance leaves behind.",published,https://fgojhhgqpvnwtcqkornz.supabase.co/storage/v1/object/public/thumbnails/1790756679600-md005w.webp,2026-09-30 08:24:40.732+00,2026-09-30 08:24:40.94666+00,,Clarisse R. Ekstrom,Wildred G. Lamintao,,false,,,,,4,,,,
d3910545-0c8b-4bf5-aa96-7927c0931c30,Walang Himala sa Tinipid na Lupa,opinion,Jhermel B. Dagalea,2026-09-01,5 min,"Lumaki tayo sa lipunang maka-Diyos. Madasalin sa oras ng sakuna, matibay ang pananampalataya, at mapagpasalamat tuwing may biyaya. Nariyan palagi ang May Kapal at mga santong nakatindig sa mga sulok ng tahanan.","Lumaki tayo sa lipunang maka-Diyos. Madasalin sa oras ng sakuna, matibay ang pananampalataya, at mapagpasalamat tuwing may biyaya. Nariyan palagi ang May Kapal at mga santong nakatindig sa mga sulok ng tahanan. Sa ngalan ng ama, ng anak, at ng buong pamilya—iaalay ang tiwala sa pinakadakila.

Panalangin ay pakinggan nawa. Siya raw kasi ang pinanggagalingan ng lahat, at si Hesus ang tagapamagitan—na sa oras ng pangangailangan, sila ang ating matatakbuhan.

Ngunit may mga animo’y May Kapal na naghahari-harian sa bayan. Mga makakapal. Sinasamba’t niluluhuran din sila ng iilan, sapagkat tila ang Ama ay nagkatawang tao ng maraming beses sa laman ng mga ‘patrong’ nanunungkulan. 𝗠𝗮𝗮𝗮𝘀𝗮𝗵𝗮𝗻𝗴 𝘁𝘂𝗻𝗮𝘆, 𝗺𝗴𝗮 𝘀𝗮𝗻𝘁𝗼𝗻𝗴 𝘁𝗮𝗴𝗮𝗽𝗮𝗴-𝗹𝗶𝗻𝗴𝗸𝗼𝗱 𝗻𝗴 𝘀𝗮𝗺𝗯𝗮𝘆𝗮𝗻𝗮𝗻. 𝗠𝗴𝗮 𝗽𝗮𝘁𝗿𝗼𝗻𝗴 𝗺𝗮𝘆𝗮𝗺𝗮𝗻, 𝗸𝗮𝗹𝗮𝘁 𝗮𝗻𝗴 𝗺𝘂𝗸𝗵𝗮 𝗸𝗮𝗵𝗶𝘁 𝘀𝗮𝗮𝗻. 𝗞𝗮𝘆𝗮 𝗮𝗻𝗴 𝗶𝗹𝗮𝗻 𝘀𝗮 𝗺𝗴𝗮 𝗻𝗮𝘀𝗮𝘀𝗮𝗸𝘂𝗽𝗮𝗻 𝗮𝘆 𝗽𝗮𝘁𝘂𝗹𝗼𝘆 𝘀𝗮 𝗽𝗮𝗴𝗱𝗮𝗿𝗮𝘀𝗮𝗹 𝗮𝘁 𝗽𝗮𝗴𝗽𝗮𝗽𝗮𝘀𝗮𝗹𝗮𝗺𝗮𝘁, 𝗸𝗮𝗵𝗶𝘁 𝘀𝗮 𝗸𝗮𝘁𝗼𝘁𝗼𝗵𝗮𝗻𝗮𝗻—𝗺𝗴𝗮 𝗯𝘂𝗹𝘀𝗮 𝗱𝗶𝗻 𝗻𝗮𝗺𝗮𝗻 𝗻𝗮𝘁𝗶𝗻 𝗮𝗻𝗴 𝗸𝗮𝗻𝗶𝗹𝗮𝗻𝗴 𝗵𝗶𝗻𝘂𝗵𝘂𝘁𝗵𝘂𝘁𝗮𝗻.

Ngunit maiba—taya! Hindi ako kailanman luluhod sa mga nagpapaka-santo ngunit nabubusog sa kaban ng bayan. Tipong may mga nasasawi na sa mga kalamidad ngunit mas pinahahalagahan ang bakasyon at kaarawan ng kaniyang asawa. Hindi rin ako pala-simba tulad ng nakararami, minsan nga’y nakakalimutan ko pang magdasal. Hindi rin ako naniniwala sa himala, lalo na kung iaasa ko ito sa mga Diyos kuno na nagkatawang-tao sa senado.

Kaya bakit ako luluhod kung ang nararanasan kong danas ay ang likha nila na mga konkretong estruktura na dapat sana’y nagsisilbing panangga laban sa baha, ngunit nauuwi sa pagkabitak ng mga daan at pagguho ng mga tulay. Ang mga substandard na proyekto ang patunay na hindi kailanman magiging sapat ang pondong inilalaan sa bawat proyekto kung ito’y bawas na bago pa man masimulan.

Ayon sa Department of Justice (DOJ), 14 sa 494 na 𝘧𝘭𝘰𝘰𝘥 𝘤𝘰𝘯𝘵𝘳𝘰𝘭 𝘨𝘩𝘰𝘴𝘵 𝘱𝘳𝘰𝘫𝘦𝘤𝘵𝘴 ang kumpirmadong may pondo ngunit walang pagbabago. Mga proyektong dapat sana'y nakatutulong sa ating mga Pilipino, ngunit ipinagkakait ng mga patay-gutom na trapo. Sa 545.64 bilyong pisong nakalaan sa pagpapataas ng mga kalsada at pagpapaayos ng mga drainage system, tila hindi naman humuhupa ang baha—bagkus ay lalo lamang itong lumalala.

Linggo-linggo sa tuwing may misa, sinisermonan tayo ng mga naipatupad na nila—na para bang utang na loob pa ang ginagawa kung gayong parte naman talaga ito ng kanilang trabaho.

Masagana pa ang paghahandog at mga alay sa kanila sapagkat hindi natatapos ang lahat sa bulag na pananampalataya. Tulad ng ikapu sa simbahan, ang kakarampot na sweldo ng ordinaryong mamamayan ay kakaltasan pa ng mga “banal.” Pondo na sana sa mga proyektong pampag-unlad, ngunit napupunta sa mga pangalang ni-hindi pinag-isipan. Sukdulan ang swerte ni ‘Pusa,’ ‘Pagong,’ at ni ‘Belat’. Sa bawat 12% ng Value Added Tax (VAT) na nakakaltas sa mga resibo ang siya ring nadadagdag at naiipon sa kaban na winawaldas lamang ng mga nagpapakabanal sa senado.

At sa tuwing ginagawa ang mga kalsada at pinapaayos ang mga dike, nagdudulot din ito ng trapikong nakakapikon, lalo kung ako’y mala-late na sa pagpasok. Sa pagkatagal na gawin, ay siyang bilis din ng pagkasira. Tinitipid ko pa rin ang baon ko upang may sumobrang bente pesos na pamasahe makatawid lamang sa mga binabahang daan sa kabila ng mga flood control projects na dapat pa raw nating ipagpasalamat sa mga diyus-diyusan ng bayan.

𝗧𝗮𝘆𝗼 𝗮𝗻𝗴 𝗻𝗮𝗴𝘁𝗶𝘁𝗶𝗶𝘀 𝘀𝗮 𝗸𝗮𝗽𝗶𝗻𝘀𝗮𝗹𝗮𝗮𝗻𝗴 𝘀𝗶𝗹𝗮 𝗮𝗻𝗴 𝗻𝗮𝗴𝗱𝘂𝗱𝘂𝗹𝗼𝘁, 𝗺𝗴𝗮 𝘀𝗮𝗻𝘁𝗼𝗻𝗴 𝗺𝗮𝗸𝗮𝘀𝗮𝗹𝗮𝗻𝗮𝗻 𝗻𝗮 𝗻𝗶𝗹𝗼𝗹𝗼𝗸𝗼 𝘁𝗮𝘆𝗼 𝗻𝗴 𝗵𝗮𝗿𝗮𝗽-𝗵𝗮𝗿𝗮𝗽𝗮𝗻. 𝗞𝗮𝘆𝗮 𝗻𝗮𝗺𝗮𝗻 𝘀𝗮 𝗽𝗮𝗴𝗱𝗮𝘁𝗶𝗻𝗴 𝗻𝗴 𝘀𝗮𝗸𝘂𝗻𝗮, 𝗵𝗶𝗻𝗱𝗶 𝗻𝗮 𝗮𝗸𝗼 𝗺𝗮𝗴𝗵𝗶𝗵𝗶𝗻𝘁𝗮𝘆 𝗽𝗮 𝗻𝗴 𝗵𝗶𝗺𝗮𝗹𝗮.

Isa sa mga proyektong ito ang Camiling-Agno River Floodway Phase 3 na itinatalang isa sa pinakamalaking flood control project na nagkakahalagang 289.5 milyong piso. Matapos lamang ang ilang taon ay nakitaan agad ito ng mga bitak na ang sabi naman ng Department of Public Works and Highways (DPWH) ay normal na kalagayan na tatapalan na lang ng panibagong semento.

Sa laki ng pondo, nakapagtataka kung bakit hindi pa rin ito kasya upang makagawa ng hindi tinipid na proyekto. Simple lang naman ang dasal ko sa mga binging santo—na sana’y magkaroon man lamang ng kahit isang tapat na proyektong maipagmamalaking walang bahid ng korapsyon.

Tayo rin naman ang napeperwisyo sa mga imprastrakturang ang panakip butas ay mumurahing semento at materyales. Wari mo’y pinturang itinapal lamang sa dapat sana’y problemang matagal nang nasolusyonan.

Hindi lamang nilalantad ng buhos ng ulan o ragasa ng baha ang mga proyektong tinipid at binawasan—ibinubunyag din nito ang baluktot na sistemang pinagkakakitaan ng solusyon ang taumbayan. Lunod na ang aking kapuwa. At kung makulong man si Sarah Discaya, maakusahan man si Zaldy Co, mahigit 100 bilyong piso pa rin ang kumpirmadong ninakaw sa atin.

Hindi nito kailanman mababayaran ang hirap at perwisyong naidulot sa atin. Hindi kailanman mabubuhay ng mga pangakong pagbabago ang mga nasawi sa kalamidad. Hindi kailanman tayo mapalalaya mula sa tanikala ng korapsyon ng simpleng pagkabulok nila sa kulungan.

Isang daang bilyong halaga na dapat sana’y napapakinabangan nang hindi na malubog sa baha. Ngunit heto pa rin ako, basa na ang sapatos dahil maski sumakay ng tricycle ay malulubog pa rin sa kasakiman ng mga nagdidiyus-diyosang hindi na nabusog sa kayamanan.

At kung hindi pa rin mabilaukan sa ginto ang mga putang banal, nadagdagang muli ang pasakit ng bayan. Nitong Sabado ng umaga—Agosto 29—bumagsak ang Aquino at Agana Bridge sa Tarlac City. Lagpas tao na rin ang baha sa mga bayan ng Bulacan tulad ng Hagonoy, Calumpit, at San Miguel. Samantalang hanggang baywang ang tubig sa ilang bayan ng Pampanga.

Nang dahil sa mga imprastrakturang itinayong hindi kumpleto, walang magawa ang mga tao kung hindi lumikas sa takot na baka sila ay tuluyang malubog at tangayin ng agos. Hindi na himala ang dapat hintayin kung hindi mag-umpisa nang kumilos dahil walang Diyos na sasagip sa atin. Mananatiling nakapirmi ang mga santo sa altar habang may mga buhay nang nasasawi.

Sa tigas ng semento, ang mga palpak na proyekto rin ang naglantad sa panlolokong ginagawa sa atin ng gobyerno. Habang tayo'y nalulunod sa patuloy na pagtaas ng tubig-baha, nababasa sa buhos ng ulan—ang mga nagpapaka-santo sa bayan ang nagpapakasasa sa perang tayo dapat ang nakikinabang.

𝗠𝗮𝗹𝘂𝗯𝗼𝗴 𝗺𝗮𝗻 𝗮𝗸𝗼 𝗮𝘁 𝘁𝗮𝗻𝗴𝗮𝘆𝗶𝗻 𝗻𝗴 𝗮𝗴𝗼𝘀, 𝗵𝗶𝗻𝗱𝗶 𝗸𝗮𝗶𝗹𝗮𝗻𝗺𝗮𝗻 𝗯𝗮𝗯𝗮𝗹𝘂𝗸𝘁𝗼𝘁 𝗮𝗻𝗴 𝗮𝗸𝗶𝗻𝗴 𝘁𝘂𝗵𝗼𝗱 𝘀𝗮 𝗯𝗮𝗹𝗶𝗸𝗼𝗻𝗴 𝘀𝗶𝘀𝘁𝗲𝗺𝗮𝗻𝗴 𝗽𝗮𝗿𝘁𝗲 𝗻𝗮 𝗻𝗴 𝗯𝗮𝗻𝗮𝗹 𝗻𝗮 𝗸𝗮𝘂𝘁𝘂𝘀𝗮𝗻 𝗻𝗴 𝗺𝗴𝗮 𝘁𝗿𝗮𝗽𝗼 𝘀𝗮 𝗽𝗮𝗺𝗮𝗵𝗮𝗹𝗮𝗮𝗻. Nagpapanggap na may-alam. Ngunit ang kaalamang dapat gamitin sa paglilingkod ay siya ring daan sa katiwalian. Kapalit ng tiwala sa mga nasa altar, tayo ang nasasadlak sa resulta ng kanilang kasakiman.

Demonyong walang bahid ng katinuan, naliligo sa yamang nakaw lang din sa kaban ng bayan. Habang tayo'y nahihirapan, mga tainga nila’y patuloy na magbibingi-bingihan.

Sa ngalan ni gobernador, ni mayor, at ng mga contractor—habang sila’y tumatawa sa yaman, tayo naman ang naghihirap sa laylayan. Walang himala!",published,https://fgojhhgqpvnwtcqkornz.supabase.co/storage/v1/object/public/thumbnails/1790690220946-axwkui.jpeg,2026-09-30 17:17:25.201+00,2026-09-29 13:57:01.854398+00,,,Nathaniel P. Tintero,,false,2026-09-01 12:37:00+00,,,,8,,,,column
d68d777b-317e-42a5-aa24-2c6416a6282b,Buhay ang Piso,literary,Vhenus Abigail T. Bagay,2026-08-31,3 min,"nakapulot ako ng piso. nakaratay ’to sa gilid ng aspaltong daan, sakto sa gitna ng lupa at kalsada. lito siguro kung gusto pa bang magpakita o kung gusto nang lumubog sa lupa.","nakapulot ako ng piso.
nakaratay ’to sa gilid ng aspaltong daan,
sakto sa gitna ng lupa at kalsada.
lito siguro kung gusto pa bang magpakita o kung gusto nang lumubog sa lupa.

hindi ko lang alam kung saan o kung kanino ito galing.

nahulog siguro nung Aleng posturang-postura sa jeep
marahil e ’di niya napansin kasi sa lahat ng tanyag na tanso, pinakamababa ang halaga nito
o baka naman nakaligtaan lang kasi hinahabol ang Graduation ng anak niya
may nakadikit kasing ribbon sa kaniyang bestida,
“𝘗𝘢𝘯𝘢𝘶𝘩𝘪𝘯𝘨 𝘗𝘢𝘯𝘥𝘢𝘯𝘨𝘢𝘭”, ayon sa burda.

o pwede rin kay kuyang UPCAT taker.
suot niya kasi yung pang-sekyung sapatos habang kilik-kilik ang manila folder.

sobrang bigat pati ng hakbang niya,
hindi ko alam kung dahil ba sa barya sa kanyang paa
o dahil patuloy siyang pinupuluputan ng tanikala ng kahirapan

kaya siguro kusang nalaglag yung piso,
nakaramdam ng awa kasi,
imbes na swerte e paltos lang ang inabot ni Kuya 

o baka naman kay Manong.
puno kasi ang kanyang dyip ng kaban-kabang asukal
halata mong pagod na sa byahe at mukhang malulugi pa.
binabarat kasi siya nung reseller,
kesyo ibaba raw sa ₱19 ang ₱26 per sako.

baka dumulas mula sa palad niya yung piso,
nakaka-guilty naman kung ganon.
kasi isipin mo:
lang oras kaya ang iginugol niyang nakayuko para kitain ’to?
kita mo na siguro ang sagot mula pa lamang sa kapal ng kalyo sa kamay niya

kaya sana hindi pumayag si Manong sa pagbaba ng presyo
kaso…
𝘮𝘢𝘭𝘢𝘣𝘰 

’di kasi uso sa probinsya ang batas-batas
ang meta sa kanila ay malamnan ang kanilang sikmura tuwing sasapit ang tiempo muerto

o…ewan.
wala na akong maisip na scenario.
saka, itatapon ko rin naman ’to

sa balon, kung may madaanan ako
sa namimigay sa sobre, kung hindi pa insulto para sa kanila
sa daan, kung maaatim kong iwanan ito at ipasa sa ibang tao ang bigat ng kwento nito

ah basta,
may iba pa akong problema.

tulad kasi nung Ale, may graduation rin akong a-attend-an 
tulad ni Kuyang UPCAT taker, nakagapos rin ako sa tanikala ng kahirapan
at tulad ni Manong, meta rin para sa’kin ang malamnan ang isinantabing gutom ng pinabayaang bayan

pero ano nga ba naman ang saysay nitong mga obserbasyon ko?

oo, may kanya-kanya tayong problema
oo, may kanya-kanya tayong ipinaglalaban
at oo, may kanya-kanya tayong kwento

e kaso nililimitahan tayo bilang nilalalang na nila-“lang” ng estado.

may puso, tapang, paninindigan,
pero walang kakampi sa lipunan.
imbes kasi na bayani e “pakialamera” ang ibinabansag nila
siguro dahil parte ako ng minorya:
𝘬𝘢𝘣𝘢𝘵𝘢𝘢𝘯, 𝘬𝘢𝘣𝘢𝘣𝘢𝘪𝘩𝘢𝘯, 𝘬𝘢𝘢𝘯𝘪𝘣 𝘯𝘨 𝘣𝘢𝘺𝘢𝘯

𝘰 𝘣𝘢𝘬𝘢 𝘢𝘺𝘢𝘸 𝘭𝘢𝘯𝘨 𝘯𝘪𝘭𝘢 𝘴𝘢 𝘬𝘶𝘭𝘢𝘺 𝘯𝘨 𝘣𝘶𝘩𝘰𝘬 𝘬𝘰.
𝘱𝘶𝘭𝘢 𝘬𝘢𝘴𝘪,
𝙠𝙖𝙠𝙪𝙡𝙖𝙮 𝙣𝙜 𝙙𝙪𝙜𝙤

nagsiwalat at ’di nagpagapi,
Alyssa

*** 

Ngayong Araw ng mga Bayani, ginugunita at binibigyang-pugay natin ang lahat ng nag-alay at patuloy na nag-aalay ng kanilang buhay para sa bayan.

Isa rin itong paalala na hindi lamang sa mga mukha sa pera o sa mga pahina ng kasaysayan natatapos ang kabayanihan. 

𝗕𝗶𝗻𝗶𝗯𝗶𝗴𝘆𝗮𝗻𝗴-𝗽𝘂𝗴𝗮𝘆 𝗻𝗮𝘁𝗶𝗻 𝗮𝗻𝗴 𝗺𝗴𝗮 𝗮𝗹𝗮𝗴𝗮𝗱 𝗻𝗴 𝘀𝗶𝗻𝗶𝗻𝗴 𝗮𝘁 𝗺𝗮𝗺𝗮𝗺𝗮𝗵𝗮𝘆𝗮𝗴 𝗻𝗮 𝗻𝗮𝗺𝘂𝗺𝘂𝗻𝗱𝗼𝗸 𝗮𝘁 𝗻𝗮𝗴𝘁𝘂𝘁𝘂𝗻𝗴𝗼 𝘀𝗮 𝗽𝗶𝗻𝗮𝗸𝗮𝗺𝗮𝗹𝗮𝘆𝗼𝗻𝗴 𝗸𝗼𝗺𝘂𝗻𝗶𝗱𝗮𝗱 𝘂𝗽𝗮𝗻𝗴 𝗱𝗮𝗹𝗵𝗶𝗻 𝗮𝗻𝗴 𝗸𝘄𝗲𝗻𝘁𝗼 𝗻𝗴 𝗺𝗴𝗮 𝗻𝗮𝘀𝗮 𝗱𝘂𝗹𝗼 𝗻𝗴 𝗹𝗶𝗽𝘂𝗻𝗮𝗻; 𝗮𝗻𝗴 𝗺𝗴𝗮 𝘁𝗮𝗴𝗮𝗽𝗮𝗴𝘁𝗮𝗻𝗴𝗴𝗼𝗹 𝗻𝗴 𝗸𝗮𝗿𝗮𝗽𝗮𝘁𝗮𝗻𝗴 𝗽𝗮𝗻𝘁𝗮𝗼 𝗻𝗮 𝗵𝗶𝗻𝗱𝗶 𝗻𝗮𝘁𝗮𝘁𝗮𝗸𝗼𝘁 𝗺𝗮𝗴𝘀𝗮𝗹𝗶𝘁𝗮 𝗹𝗮𝗯𝗮𝗻 𝘀𝗮 𝗵𝗶𝗻𝗱𝗶 𝗽𝗮𝗴𝗸𝗮𝗸𝗮𝗽𝗮𝗻𝘁𝗮𝘆-𝗽𝗮𝗻𝘁𝗮𝘆; 𝗮𝘁 𝗮𝗻𝗴 𝗯𝗮𝘄𝗮𝘁 𝗣𝗶𝗹𝗶𝗽𝗶𝗻𝗼𝗻𝗴 𝗽𝗮𝘁𝘂𝗹𝗼𝘆 𝗻𝗮 𝘁𝘂𝗺𝗶𝘁𝗶𝗻𝗱𝗶𝗴 𝗽𝗮𝗿𝗮 𝘀𝗮 𝗸𝗮𝘁𝗼𝘁𝗼𝗵𝗮𝗻𝗮𝗻, 𝗸𝗮𝘁𝗮𝗿𝘂𝗻𝗴𝗮𝗻, 𝗮𝘁 𝗸𝗮𝗹𝗮𝘆𝗮𝗮𝗻 𝗻𝗴 𝗯𝗮𝘄𝗮𝘁 𝗶𝘀𝗮.

Nawa’y magsilbing paalala ang kanilang katapangan at sakripisyo upang patuloy rin nating ipaglaban ang isang mas makatarungang lipunan. 

Muli, binabati ng The Work, ang opisyal na publikasyon ng Tarlac State University, ang buong sambayanang Pilipino ng isang makabuluhang Araw ng mga Bayani!",published,https://fgojhhgqpvnwtcqkornz.supabase.co/storage/v1/object/public/thumbnails/1790757059447-yilzt2.webp,2026-09-30 08:33:41.58+00,2026-09-30 08:31:00.056051+00,,,Sheena C. Panelo,,false,2026-08-31 08:43:00+00,,Stephaney Joy C. Sarmiento,,2,,,,
d8c75f8c-e185-4b88-9b4b-dec25d269387,Puyat ang Taumbayan,opinion,Warren B. Altre,2026-08-30,5 min,"𝗔𝗻𝗴 𝘀𝗶𝗺𝗽𝗹𝗲𝗻𝗴 𝗽𝗮𝗴𝗯𝗮𝗻𝗴𝗼𝗻 𝗺𝘂𝗹𝗮 𝘀𝗮 𝗶𝘆𝗼𝗻𝗴 𝗵𝗶𝗴𝗮𝗮𝗻 𝗮𝘆 𝗽𝗼𝗹𝗶𝘁𝗶𝗸𝗮𝗹. Ito ay nag-uugat sa dahilan mo upang gumising, at kung ano ang tunog ng iyong alarma.","𝗔𝗻𝗴 𝘀𝗶𝗺𝗽𝗹𝗲𝗻𝗴 𝗽𝗮𝗴𝗯𝗮𝗻𝗴𝗼𝗻 𝗺𝘂𝗹𝗮 𝘀𝗮 𝗶𝘆𝗼𝗻𝗴 𝗵𝗶𝗴𝗮𝗮𝗻 𝗮𝘆 𝗽𝗼𝗹𝗶𝘁𝗶𝗸𝗮𝗹.

Ito ay nag-uugat sa dahilan mo upang gumising, at kung ano ang tunog ng iyong alarma. May mga ilan na ang sinangkapang kape o 𝘭𝘢𝘵𝘵𝘦—para sosyal—ang unang maiisip sa pagdilat ng dalawang mata. Sabayan mo pa ‘yan ng anunsyo ukol sa suspensyon ng klase buhat ng matinding pag-ulan habang nanonood ng paborito mong programa sa telebisyon. Kumbaga, mala-langit ang karanasan at abot-tainga ang ngiti mo kung may ganito kang pribilehiyo. 

𝗡𝗴𝘂𝗻𝗶𝘁 𝗺𝗮𝗱𝗮𝗹𝗮𝘀, 𝗵𝗶𝗻𝗱𝗶 𝗻𝗴𝗶𝘁𝗶 𝗮𝗻𝗴 𝗻𝗮𝗸𝗮𝘂𝗸𝗶𝘁 𝘀𝗮 𝗺𝘂𝗸𝗵𝗮 𝗻𝗴 𝗼𝗿𝗱𝗶𝗻𝗮𝗿𝘆𝗼𝗻𝗴 𝗣𝗶𝗹𝗶𝗽𝗶𝗻𝗼. Dahil kung ika’y nagising mula sa patak ng tubig mula sa dingding, o kaya nama’y mula sa rumaragasang tubig papasok sa iyong tahanan, maaaring seryoso ang iyong mukha. At kung inaalala mo magpahanggang ngayon ang 𝘰𝘯𝘭𝘪𝘯𝘦 𝘤𝘭𝘢𝘴𝘴𝘦𝘴 sa kabila ng mga trahedyang bumubungad sa iyong paggising, simangot na ang guguhit sa iyong bibig. 

Ang mismong kama ko sa tuwing ako’y walang malay na nakahiga ang nagpapakita sa katayuan ko bilang isang Pilipino. Ang pamana kong kumot na maikli ang sumisimbolo kung papaano ako mamaluktot sa lamig ng sistemang kinagisnan ko. 

𝗔𝘁 𝗮𝗻𝗴 𝗽𝗮𝗴𝗴𝗶𝘀𝗶𝗻𝗴 𝗸𝗼 𝗮𝘆 𝗵𝗶𝗻𝗱𝗶 𝗿𝗲𝗴𝗮𝗹𝗼—𝗸𝘂𝗻𝗱𝗶 𝘀𝗮𝗹𝗮𝘆𝘀𝗮𝘆 𝗻𝗴 𝗽𝗿𝗶𝗯𝗶𝗹𝗲𝗵𝗶𝘆𝗼𝗻𝗴 𝗺𝗮𝘆𝗿𝗼𝗼𝗻 𝗮𝗸𝗼. 𝗔𝘁 𝗸𝘂𝗻𝗴 𝗺𝗮𝗯𝗮𝗻𝗴𝘂𝗻𝗴𝗼𝘁 𝗺𝗮𝗻 𝗮𝗸𝗼, 𝗯𝘂𝗻𝗴𝗮 𝗶𝘆𝗼𝗻 𝗻𝗴 𝗺𝗮𝘀𝗮𝗺𝗮𝗻𝗴 𝗽𝗮𝗻𝗮𝗴𝗶𝗻𝗶𝗽 𝗻𝗮 𝘁𝗮𝗻𝗴𝗶𝗻𝗴 𝗮𝗻𝗴 𝗺𝗴𝗮 𝗻𝗮𝗴𝗵𝗮𝗵𝗮𝗿𝗶𝗻𝗴-𝘂𝗿𝗶 𝗹𝗮𝗺𝗮𝗻𝗴 𝗮𝗻𝗴 𝗺𝗮𝘆 𝗸𝗮𝗸𝗮𝘆𝗮𝗵𝗮𝗻𝗴 𝗴𝘂𝗺𝗶𝘀𝗶𝗻𝗴 𝗻𝗮𝗻𝗴 𝘄𝗮𝗹𝗮𝗻𝗴 𝗮𝗮𝗹𝗮𝗹𝗮𝗵𝗮𝗻𝗶𝗻𝗴 𝗯𝗮𝗵𝗮 𝗼 𝗽𝗮𝘁𝗮𝗸 𝗺𝘂𝗹𝗮 𝘀𝗮 𝗱𝗶𝗻𝗴-𝗱𝗶𝗻𝗴.

Bilang ni itay kung ilang araw na ang pag-ulan dahil walang suki sa patahian. Ngunit batid ko kung gaano mas kahirap ang danas ng mga taga-Pampanga, Bulacan, at iba pang karatig na lugar. Suot-suot ko ang simangot ng mga taong naapektuhan doon at ramdam ko ang bigat ng pagdadala ng mga sandbag na hindi tutumbas ang timbang sa mga male-maletang pera na ibinulsa.

Kung saan libo-libong pamilya at sakahan ang palaging lubog sa tuwing nananalasa ang habagat at mga bagyo, ramdam ko ang hampas nito sa kabuhayan ng mga magsasaka.  

At tuluyan akong nagising: ang parada ng mga bagyo ang nagsisiwalat ng inililihim na sistematikong pandarambong. Lunod na ang taumbayan—hindi lang sa tubig-baha, kundi sa ganid at kasakiman ng mga dinastiyang naghahari-harian at nagpapakasasa sa kaban ng bayan. 

Kaya pala hirap na akong makatulog. Ang gumigising sa akin hanggang alas-tres ng madaling araw ay bunga ng 𝗻𝗮𝗴𝗯𝘂𝗯𝘂𝗴𝘀𝗼 𝗸𝗼𝗻𝗴 𝗴𝗮𝗹𝗶𝘁 𝗵𝗶𝗻𝗱𝗶 𝗹𝗮𝗺𝗮𝗻𝗴 𝘀𝗮 𝗺𝗴𝗮 𝗯𝘂𝗺𝘂𝗯𝘂𝗹𝘀𝗮 𝘀𝗮 𝗽𝗮𝗺𝗽𝘂𝗯𝗹𝗶𝗸𝗼𝗻𝗴 𝗽𝗼𝗻𝗱𝗼, 𝗸𝘂𝗻𝗱𝗶 𝗽𝗮𝘁𝗶 𝘀𝗮 𝗺𝗴𝗮 𝗶𝗹𝗮𝗻 𝗻𝗮 𝗺𝗮𝘆 𝗽𝗿𝗶𝗯𝗶𝗹𝗲𝗵𝗶𝘆𝗼𝗻𝗴 𝗺𝗮𝗴𝗯𝘂𝗹𝗮𝗴-𝗯𝘂𝗹𝗮𝗴𝗮𝗻 𝗮𝘁 𝗺𝗮𝗴𝗮𝘄𝗮 𝗽𝗮𝗻𝗴 𝗺𝗮𝗴𝗯𝗶𝗿𝗼 𝘀𝗮 𝗸𝗮𝘀𝗮𝗹𝘂𝗸𝘂𝘆𝗮𝗻𝗴 𝗱𝗮𝗻𝗮𝘀 𝗻𝗴 𝗺𝗮𝗺𝗮𝗺𝗮𝘆𝗮𝗻.

Punyetang mga kurap. Ngunit ang aking galit ay hindi nagtatapos sa mga nasa tuktok ng tatsulok na walang kabusugan ang paghahangad. Ginigising din ako ng ideya na may mga mamamayang hindi marunong maki-simpatya. At ang lalong masidhi pa ay ang komedya nila na nagpapamanhid sa damdamin ng lipunan.

Hindi mali na gumising sa yakap ng iyong mamahaling kumot. Hindi mali na maghangad ng latte pagkagising. Ang likong kaugalian ay ang halakhakan ng mga komportable sa kanilang buhay. Sabagay, hindi nga naman dapat tayo ma-late. Bakit hindi ka gumising ng maaga bilang respeto mo sa oras ng iba, at magbibingi-bingihan na lamang sa mga busina ng mga sasakyan habang ika’y nabuhol na sa trapiko? 

Para sa karagdagang konteksto, bilang isang mag-aaral at peryodista mula sa Tarlac State University, kamakailan ko lamang nabasa ang mga hirit at komento ng isang miyembro ng sangguniang mag-aaral hinggil sa pagguho ng Aquino bridge—isang pangunahing ruta ng mga estudyante patungong San Isidro campus. 

Isa ito sa mga bangungot ko tuwing gabi. Mas malakas ang epekto nito kumpara sa iniinom na sikat na 𝘭𝘢𝘵𝘵𝘦 ng ilan. Idinidikit ako ng pangyayaring ito sa aking higaan—tila nakagapos, hirap gumising at bumangon. 𝗡𝗮𝗸𝗮𝗯𝗮𝗯𝗮𝗵𝗮𝗹𝗮 𝗶𝘁𝗼 𝘀𝗮𝗽𝗮𝗴𝗸𝗮𝘁 𝗻𝗶 𝘀𝗶𝗻𝗴𝗸𝗼 𝗮𝘆 𝗵𝗶𝗻𝗱𝗶 𝗸𝗮𝗶𝗹𝗮𝗻𝗴𝗮𝗻 𝘂𝗽𝗮𝗻𝗴 𝗺𝗮𝗸𝗶𝘀𝗶𝗺𝗽𝗮𝘁𝘆𝗮, 𝗮𝘁 𝗻𝗶 𝗸𝗮𝗱𝗶𝘁𝗶𝗻𝗴 𝗻𝗮 𝗯𝗮𝗿𝘆𝗮 𝗮𝘆 𝗵𝗶𝗻𝗱𝗶 𝗵𝗶𝗻𝗶𝗵𝗶𝗻𝗴𝗶 𝘂𝗽𝗮𝗻𝗴 𝗶𝗺𝘂𝗹𝗮𝘁 𝗺𝗼 𝗮𝗻𝗴 𝗶𝘆𝗼𝗻𝗴 𝗺𝗴𝗮 𝗺𝗮𝘁𝗮.

Kaya pala mabigat ang pakiramdam ko sa tuwina. Puyat. Galit. Simpatya. Mga emosyong hindi tugma ngunit nakaburda sa aking kobre-kama. Kung tutuusin, mas gugustuhin kong ako’y puyat kaysa himbing ang kaluluwa sa mga trahedyang dulot ng kasakiman. 𝗦𝗮𝗽𝗮𝗴𝗸𝗮𝘁 𝘀𝗮 𝗹𝗶𝗽𝘂𝗻𝗮𝗻𝗴 𝗽𝗶𝗹𝗶𝘁 𝗻𝗮 𝗽𝗶𝗻𝗮𝘁𝘂𝘁𝘂𝗹𝗼𝗴 𝗻𝗴 𝗸𝗼𝗺𝗽𝗼𝗿𝘁𝗮𝗯𝗹𝗲𝗻𝗴 𝗽𝗮𝗻𝗮𝗻𝗮𝗵𝗶𝗺𝗶𝗸, 𝗮𝗻𝗴 𝗮𝗸𝗶𝗻𝗴 𝗺𝗴𝗮 𝗸𝗮𝗹𝘂𝗺𝗮𝘁𝗮 𝗮𝗻𝗴 𝗽𝗶𝗻𝗮𝗸𝗮𝗺𝗮𝗹𝗶𝗻𝗮𝘄 𝗻𝗮 𝗽𝗮𝘁𝘂𝗻𝗮𝘆 𝗻𝗮 𝘁𝗮𝘆𝗼 𝗮𝘆 𝗴𝗶𝘀𝗶𝗻𝗴, 𝗺𝘂𝗹𝗮𝘁, 𝗮𝘁 𝗹𝘂𝗺𝗮𝗹𝗮𝗯𝗮𝗻.

Ang pagiging mulat ay hindi lamang isang intelektwal na pagsasanay; ito ay isang pampublikong tungkulin at paninindigang moral. Ayon sa mga ulat ng mga ahensyang pampamahalaan at mga malayang pangkat ng mananaliksik, humigit-kumulang 20 bagyo ang tumatama sa Pilipinas taon-taon, kung saan bilyun-bilyong piso sa sektor ng agrikultura at imprastraktura ang nawawala at daan-daang libong pamilya ang direktang naaapektuhan. 

Ang kamalayan ang nagsisilbing natatanging pader laban sa panlilinlang ng mga nasa kapangyarihan na gustong ipamukha na ang ating paghihirap ay likas na tadhana lamang at hindi bunga ng mga pondo sa 𝘧𝘭𝘰𝘰𝘥 𝘤𝘰𝘯𝘵𝘳𝘰𝘭 na napunta sa wala at kapabayaan sa kalikasan. 

Kapag pinili mong maging gising at maalam sa mga tunay na sanhi ng ating pambansang dusa, itinatakwil mo ang gawa-gawang salaysay na kailangan nating tiisin na lamang ang lahat. Ang pagiging mulat ang nagbibigay-saysay sa bawat sigaw para sa hustisya, dahil walang totoong pagbabago ang nagmumula sa lipunang nahihimbing sa kaginhawaan ng walang-pakialam. 

𝗞𝗮𝘆𝗮 𝗻𝗮𝗺𝗮𝗻 𝗻𝗮𝗽𝗮𝗸𝗮𝗱𝗲𝗹𝗶𝗸𝗮𝗱𝗼 𝗸𝗮𝗽𝗮𝗴 𝗮𝗻𝗴 𝘀𝗮𝗸𝘂𝗻𝗮 𝗮𝘁 𝗮𝗻𝗴 𝗺𝗶𝘀𝗺𝗼𝗻𝗴 𝗯𝘂𝗵𝗮𝘆-𝗮𝘁-𝗸𝗮𝗺𝗮𝘁𝗮𝘆𝗮𝗻𝗴 𝗱𝗮𝗻𝗮𝘀 𝗻𝗴 𝗺𝗮𝗿𝗮𝗹𝗶𝘁𝗮 𝗮𝘆 𝗴𝗶𝗻𝗮𝗴𝗮𝘄𝗮𝗻𝗴 𝗸𝗮𝘁𝗮𝘁𝗮𝘄𝗮𝗻𝗮𝗻 𝗼 𝗺𝗴𝗮 𝗺𝗲𝗺𝗲 𝗹𝗮𝗺𝗮𝗻𝗴 𝘀𝗮 𝗶𝗻𝘁𝗲𝗿𝗻𝗲𝘁. Sa gitna ng lumalalang sitwasyon ng pagbaha, landslide, at flash flood sa bansa, hanggang sa pagguho ng mga tulay dahil sa substandard at kinurap na mga proyekto’t konstruksyon, isa itong realidad na hindi nakakatawa para sa mga nawalan ng tahanan, pangkabuhayan, at mahal sa buhay. 

Ang paggawang biro sa mga trahedyang ito sa ngalan ng pagiging “positibo” o kaya nama’y “𝘳𝘦𝘴𝘪𝘭𝘪𝘦𝘯𝘵” na ang sukli ay mababaw na aliw ay nagpapamanhid sa damdamin ng lipunan. Ipinakakalat nito ang lason ng kawalang-simpatya at binabawasan ang bigat ng pananagutan ng mga pinunong pampubliko. At sa oras na ituring isang malaking biro ang pagkalunod ng ating kapwa, dahan-dahan nating binubura ang ating pagiging makatao, at patuloy na isinasalin ang kultura ng malupit at malamig na pagwawalang-bahala. 

𝗦𝗮 𝗵𝘂𝗹𝗶, 𝗮𝗻𝗴 𝗴𝘂𝘀𝗼𝘁 𝗸𝗼𝗻𝗴 𝗸𝗼𝗯𝗿𝗲-𝗸𝗮𝗺𝗮 𝗮𝘁 𝗵𝗮𝗺𝗯𝗮𝗹𝗮𝗻 𝗻𝗴 𝗮𝗸𝗶𝗻𝗴 𝗺𝗴𝗮 𝘂𝗻𝗮𝗻 𝗮𝘆 𝗽𝗮𝘁𝘂𝗻𝗮𝘆 𝗻𝗮 𝗮𝗸𝗼’𝘆 𝗴𝗶𝘀𝗶𝗻𝗴 𝗮𝘁 𝗺𝗮𝘆 𝗱𝗮𝗺𝗱𝗮𝗺𝗶𝗻. Hindi tayo pinalaki upang maging palamuti lamang sa kwadro ng isang lipunang bulok o maging 𝘢𝘶𝘥𝘪𝘦𝘯𝘤𝘦 sa komedya ng mga naghaharing-uri. 𝗞𝘂𝗻𝗴 𝗮𝗻𝗴 𝗺𝗮𝗵𝗶𝗺𝗯𝗶𝗻𝗴 𝗻𝗮 𝗽𝗮𝗴𝗵𝗶𝗺𝗹𝗮𝘆 𝗮𝘆 𝗽𝗮𝗴𝗽𝗶𝗸𝗶𝘁 𝗵𝗮𝗯𝗮𝗻𝗴 𝗻𝗮𝗹𝘂𝗹𝘂𝗻𝗼𝗱 𝗮𝗻𝗴 𝗸𝗮𝗽𝘄𝗮, 𝗺𝗮𝘀 𝗽𝗶𝗽𝗶𝗹𝗶𝗶𝗻 𝗸𝗼𝗻𝗴 𝗯𝘂𝗺𝗮𝗻𝗴𝗼𝗻 𝗮𝗿𝗮𝘄-𝗮𝗿𝗮𝘄 𝗻𝗮 𝗵𝗮𝗽𝗼 𝗸𝗮𝗵𝗶𝘁 𝗶𝗹𝗮𝗻𝗴 𝗸𝗮𝗯𝗮𝗻𝗮𝘁𝗮 𝗽𝗮 𝗻𝗴 𝗯𝗮𝗻𝗴𝘂𝗻𝗴𝗼𝘁 𝗮𝗻𝗴 𝗮𝗸𝗶𝗻𝗴 𝗺𝗮𝗿𝗮𝗻𝗮𝘀𝗮𝗻—𝗺𝗮𝗯𝗶𝗴𝗮𝘁 𝗮𝗻𝗴 𝗱𝗶𝗯𝗱𝗶𝗯 𝘀𝗮 𝗴𝗮𝗹𝗶𝘁, 𝗯𝗮𝘀𝗮 𝗮𝗻𝗴 𝗺𝘂𝗸𝗵𝗮 𝘀𝗮 𝗽𝗮𝘄𝗶𝘀 𝗻𝗴 𝗽𝗮𝗸𝗶𝗸𝗶𝗯𝗮𝗸𝗮, 𝗻𝗴𝘂𝗻𝗶𝘁 𝗺𝗮𝘆 𝗸𝗮𝗹𝘂𝗹𝘂𝘄𝗮𝗻𝗴 𝗯𝘂𝗼, 𝗺𝘂𝗹𝗮𝘁, 𝗮𝘁 𝗸𝗮𝗶𝗹𝗮𝗻𝗺𝗮𝗻 𝗮𝘆 𝗵𝗶𝗻𝗱𝗶 𝗺𝗮𝗶𝗽𝗮𝗴𝗯𝗶𝗯𝗶𝗹𝗶.",published,https://fgojhhgqpvnwtcqkornz.supabase.co/storage/v1/object/public/thumbnails/1790757396864-jworrt.webp,2026-09-30 22:40:20.625+00,2026-09-30 08:36:37.712563+00,,,Rhian Justine A.D. Dela Cruz,,false,2026-08-30 14:14:00+00,,,,4,,,,column
dff622ab-a6bd-4b73-94ee-2d708f9346f6,Built on ₱30 Soil,opinion,,2026-08-11,5 min,,"Untended communities breed chaos. History provides a harsh message where people turn against each other because ungoverned men believe they hold power. To cure this, humanity was sold the idea of a system that gives and takes—only to be intoxicated by the cure they bought in the first place.

Since the creation of civilized societies, the basic political economy has enforced the necessity of a government endowed with three inherent powers—taxation, police power, and eminent domain—to execute its full purpose of public service. With the proper exercise of these three, order reigns across the nation. Distribution of wealth and resources becomes a shared mandate, and sovereignty remains anchored in the people.

But theory holds only when those powers are exercised with fidelity to justice. Taxation must be fair, police power must be reasonable, and eminent domain must be tempered by absolute necessity and just compensation. When any of these is abused, the balance collapses. 𝗔𝗻𝗱 𝘄𝗵𝗲𝗻 𝗲𝗺𝗶𝗻𝗲𝗻𝘁 𝗱𝗼𝗺𝗮𝗶𝗻 𝗶𝘀 𝘄𝗶𝗲𝗹𝗱𝗲𝗱 𝘄𝗶𝘁𝗵𝗼𝘂𝘁 𝗺𝗲𝗿𝗰𝘆, 𝗶𝘁 𝗰𝗲𝗮𝘀𝗲𝘀 𝘁𝗼 𝗯𝗲 𝗮 𝗹𝗲𝗴𝗶𝘁𝗶𝗺𝗮𝘁𝗲 𝗶𝗻𝘀𝘁𝗿𝘂𝗺𝗲𝗻𝘁 𝗼𝗳 𝗴𝗼𝘃𝗲𝗿𝗻𝗮𝗻𝗰𝗲 𝗮𝗻𝗱 𝗯𝗲𝗰𝗼𝗺𝗲𝘀 𝗶𝗻𝘀𝘁𝗲𝗮𝗱 𝗮 𝗹𝗲𝗴𝗮𝗹𝗶𝘇𝗲𝗱 𝗳𝗼𝗿𝗺 𝗼𝗳 𝗱𝗶𝘀𝗽𝗼𝘀𝘀𝗲𝘀𝘀𝗶𝗼𝗻. 𝗪𝗵𝗮𝘁 𝘄𝗮𝘀 𝗺𝗲𝗮𝗻𝘁 𝘁𝗼 𝘀𝗲𝗰𝘂𝗿𝗲 𝘁𝗵𝗲 𝗰𝗼𝗺𝗺𝗼𝗻 𝗴𝗼𝗼𝗱 𝗱𝗲𝗴𝗲𝗻𝗲𝗿𝗮𝘁𝗲𝘀 𝗶𝗻𝘁𝗼 𝗮 𝘀𝗶𝗹𝗲𝗻𝘁 𝗯𝗲𝘁𝗿𝗮𝘆𝗮𝗹 𝗼𝗳 𝘁𝗵𝗲 𝘃𝗲𝗿𝘆 𝗽𝗲𝗼𝗽𝗹𝗲 𝗶𝘁 𝗰𝗹𝗮𝗶𝗺𝘀 𝘁𝗼 𝘀𝗲𝗿𝘃𝗲.

The Bases Conversion and Development Authority (BCDA) was created under Republic Act 7227 to transform former military lands into engines of growth. Its original mandate was to convert idle bases into productive zones that would attract investment, generate employment, and stimulate regional development.

Yet, what was envisioned as a mechanism for national progress has mutated into a silent killer of local communities. 𝗕𝗖𝗗𝗔 𝗵𝗮𝘀 𝘄𝗶𝗲𝗹𝗱𝗲𝗱 𝘀𝘁𝗮𝘁𝗲 𝗮𝘂𝘁𝗵𝗼𝗿𝗶𝘁𝘆 𝗻𝗼𝘁 𝗮𝘀 𝗮 𝗰𝗮𝗿𝗲𝗳𝘂𝗹𝗹𝘆 𝗯𝗮𝗹𝗮𝗻𝗰𝗲𝗱 𝘁𝗼𝗼𝗹 𝗼𝗳 𝗽𝘂𝗯𝗹𝗶𝗰 𝗻𝗲𝗰𝗲𝘀𝘀𝗶𝘁𝘆, 𝗯𝘂𝘁 𝗮𝘀 𝗮 𝗯𝗹𝘂𝗻𝘁 𝗶𝗻𝘀𝘁𝗿𝘂𝗺𝗲𝗻𝘁 𝗼𝗳 𝗱𝗶𝘀𝗽𝗹𝗮𝗰𝗲𝗺𝗲𝗻𝘁—𝘀𝘁𝗿𝗶𝗽𝗽𝗶𝗻𝗴 𝗶𝗻𝗱𝗶𝗴𝗲𝗻𝗼𝘂𝘀 𝗽𝗲𝗼𝗽𝗹𝗲𝘀 𝗮𝗻𝗱 𝗮𝗴𝗿𝗮𝗿𝗶𝗮𝗻 𝗳𝗮𝗿𝗺𝗲𝗿𝘀 𝗼𝗳 𝘁𝗵𝗲𝗶𝗿 𝗹𝗮𝗻𝗱𝘀 𝘂𝗻𝗱𝗲𝗿 𝘁𝗵𝗲 𝗯𝗮𝗻𝗻𝗲𝗿 𝗼𝗳 𝗺𝗼𝗱𝗲𝗿𝗻 𝗶𝗻𝗱𝘂𝘀𝘁𝗿𝗶𝗮𝗹𝗶𝘇𝗮𝘁𝗶𝗼𝗻.

Nowhere is this mutation more evident than in the proposed 1,600-hectare Pax Silica project in New Clark City, Capas, Tarlac. Envisioned as a massive semiconductor and artificial intelligence ecosystem within the US-backed Luzon Economic Corridor, Pax Silica promises billions of dollars in foreign tech investment. Yet behind this grand geopolitical branding lies a familiar pattern of coercive clearance. What is marketed as a ""Golden Node"" of high-tech innovation is being carved directly out of agricultural lands and ancestral domains. BCDA wields its corporate authority like a sovereign enclave—bypassing local municipal zoning and reducing generational stewardship into an administrative inconvenience to be cleared for foreign supply chains.

The case of the Aeta communities and local farmers in Capas is emblematic of this procedural injustice. BCDA routinely defends its actions by claiming that because the land is legally titled state property, residents are merely ""unpermitted occupants."" This legalistic sleight of hand allows the agency to avoid the constitutional mandate of just compensation. Instead, residents are offered nominal ""financial disturbance assistance""—reported at a mere thirty pesos (₱30) per square meter.

To put this in perspective: ₱30 per square meter is equal to ₱300,000 per hectare—an insulting sum that cannot buy a basic hot meal, let alone replace a family’s generational livelihood. By labeling this meager payout as ""relocation assistance"" rather than fair land valuation, BCDA hides behind statutory titles to commit systemic theft. What message does this send to the Filipino people? That the dignity of farmers who feed the nation, the heritage of indigenous tribes who guard the soil, and the sanctity of community life are worth less than pocket change?

BCDA measures success strictly as a commercial landlord—bragging about ₱60 billion in land lease earnings while offering original land tillers a paltry ₱30 per square meter. Ultimately, the state operates like a real estate speculator, privatizing the massive profits while externalizing the human, social, and economic costs onto the rural poor.

This disregard for promises is far from new. In 2019, over 500 families in Capas were given seven-day eviction notices to make way for the New Clark City Access Road, drowning out community appeals beneath the roar of bulldozers. Years earlier, in 2007, a Joint Management Agreement was signed between the Clark Development Corporation (CDC), the National Commission on Indigenous Peoples (NCIP), and the Tribong Ayta, guaranteeing that 20% of net income from leases within Clark would flow into an Aeta Development Fund. Yet, as verified by audit reports, years passed without a single peso reaching the tribes. Promises of inclusion are treated as temporary public relations buffers, forgotten the moment the concrete sets.

BCDA’s rhetoric remains relentless: New Clark City is a ""driver of growth"", Pax Silica an ""epicenter of innovation"". Yet scientists, environmental advocates, and community leaders point to a far darker reality. Advanced semiconductor and industrial manufacturing hubs are notoriously resource-intensive. Pax Silica’s projected operational footprint will demand tens of millions of liters of water daily and immense power allocations—threatening local aquifers, diverting critical resources away from rural communities, and converting fertile agricultural watersheds into industrial concrete.

The broad public benefit claimed by BCDA is a mirage that conceals the quiet destruction of entire rural ecosystems. 𝗘𝗺𝗶𝗻𝗲𝗻𝘁 𝗱𝗼𝗺𝗮𝗶𝗻 𝘄𝗮𝘀 𝗱𝗲𝘀𝗶𝗴𝗻𝗲𝗱 𝘁𝗼 𝗯𝗮𝗹𝗮𝗻𝗰𝗲 𝗽𝗿𝗶𝘃𝗮𝘁𝗲 𝘀𝗮𝗰𝗿𝗶𝗳𝗶𝗰𝗲 𝘄𝗶𝘁𝗵 𝗴𝗲𝗻𝘂𝗶𝗻𝗲 𝗽𝘂𝗯𝗹𝗶𝗰 𝗴𝗮𝗶𝗻. 𝗜𝗻𝘀𝘁𝗲𝗮𝗱, 𝗕𝗖𝗗𝗔 𝗵𝗮𝘀 𝘁𝘄𝗶𝘀𝘁𝗲𝗱 𝗶𝘁 𝗶𝗻𝘁𝗼 𝗮 𝘃𝗲𝗵𝗶𝗰𝗹𝗲 𝗳𝗼𝗿 𝗽𝗿𝗶𝘃𝗮𝘁𝗲 𝗽𝗿𝗼𝗳𝗶𝘁 𝗮𝗻𝗱 𝗳𝗼𝗿𝗲𝗶𝗴𝗻 𝘀𝘁𝗿𝗮𝘁𝗲𝗴𝗶𝗰 𝗽𝗿𝗶𝗼𝗿𝗶𝘁𝗶𝗲𝘀, 𝗺𝗮𝘀𝗸𝗲𝗱 𝗮𝘀 𝗻𝗮𝘁𝗶𝗼𝗻𝗮𝗹 𝗮𝗱𝘃𝗮𝗻𝗰𝗲𝗺𝗲𝗻𝘁.

The Constitution enshrines eminent domain as a power strictly bound by public necessity and just compensation. But compensation reduced to insulting sums and delayed for decades is not justice—it is state-sanctioned expropriation. 𝗪𝗵𝗲𝗻 𝘁𝗵𝗲𝗳𝘁 𝗶𝘀 𝗲𝘅𝗲𝗰𝘂𝘁𝗲𝗱 𝘂𝗻𝗱𝗲𝗿 𝘁𝗵𝗲 𝗹𝗲𝘁𝘁𝗲𝗿 𝗼𝗳 𝘁𝗵𝗲 𝗹𝗮𝘄, 𝗶𝘁 𝗯𝗲𝗰𝗼𝗺𝗲𝘀 𝗺𝗼𝗿𝗲 𝗱𝗮𝗻𝗴𝗲𝗿𝗼𝘂𝘀 𝘁𝗵𝗮𝗻 𝗮𝗻𝘆 𝗰𝗿𝗶𝗺𝗲 𝗰𝗼𝗺𝗺𝗶𝘁𝘁𝗲𝗱 𝗶𝗻 𝘁𝗵𝗲 𝗱𝗮𝗿𝗸. BCDA has become the bullet shot from behind, erasing lives and livelihoods in the name of progress.

If left unchecked, it will continue to redraw the map of Central Luzon—not as a self-reliant engine of national development, but as a silicon enclave built upon the shattered lives of the very people it was created to serve.",published,https://fgojhhgqpvnwtcqkornz.supabase.co/storage/v1/object/public/thumbnails/1790755263590-9jjhch.webp,2026-09-30 08:01:04.494+00,2026-09-30 08:01:04.710711+00,,,,,false,,,,,2,,,,editorial
e0bbc385-b305-40ea-b745-5a63c7ff5d36,Snake in the Ladder,opinion,Melissa O. Yuson,2026-02-25,4 min,"Nitong Pebrero 18 lamang ay ipinangako na ni Vice President Sara Duterte ang pagtakbo bilang presidente sa 2028 elections. Wala pang partido, maging bise, ngunit inihain na ang anunsyo sa isang press conference.","Nitong Pebrero 18 lamang ay ipinangako na ni Vice President Sara Duterte ang pagtakbo bilang presidente sa 2028 elections. Wala pang partido, maging bise, ngunit inihain na ang anunsyo sa isang press conference. Ang biglaang akto na ito ay maaaring isang istratehiya lalo na sa gitna ng mga reklamong impeachment. At sa maagang paglatag ng tila ba gameplay na ito, kritikal at maigi na mamili at manuri ang mga Pilipino. 

𝗔𝗻𝗴𝗴𝘂𝗹𝗼𝗻𝗴 𝗽𝗮𝗻𝗮𝗵𝗼𝗻  

“Only time will tell”, ika nga nila. At ito ang sinasabi ng mga nakaraang taon: 
Taong 2015, siya ay kumandidato bilang mayor ng Davao City upang humalili sa kanyang ama na si Rodrigo Duterte, na noo’y tumakbo sa pagka-presidente. 

Taong 2021 naman ay kinansela niya ang paunang paghabol sa re-election bilang Davao mayor. Iyan ay upang makatambal si Ferdinand Marcos bilang bise presidente nito. 

Sa parehong halalan na nabanggit, halos anim na buwan lamang ang pormal na anunsyo niya bago ang mismong eleksiyon. Parehong maghahain sa Nobyembre, para sa botohan sa Mayo. 

Ngunit ngayon, dalawang taon bago ang eleksiyon pa lamang, nailatag na ang pagnanais ni Sara Duterte. Wala pa namang kaso ang maagang pagmamata sa puwesto, ngunit kitang-kita at hayagan naman na ang kasalukuyang estado ng naturang pulitiko. 
Sa katunayan, taong 2026— ang salubong ay ika-apat na impeachment complaint laban sa bise. Mula sa Makabayan Coalition, civil society groups, maging mga mambabatas, ang kanilang itinuturo ay ang ma-anomalyang paggamit ng confidential funds, pag-aabuso sa kapangyarihan, at pagbabanta sa iba pang mga opisyal. 

Maaga ang pagtakbo ni Sara, ngunit nahuhuli ang kaniyang pagharap sa mga patong-patong na kasong isinasampa sa kaniya. 

𝗔𝗻𝗴𝗴𝘂𝗹𝗼𝗻𝗴 𝗲𝗱𝘂𝗸𝗮𝘀𝘆𝗼𝗻  

Sa loob ng dalawang taon, si Inday Sara ay itinalaga bilang Secretary ng Department of Education (DepEd). Sa ilalim ng kaniyang pamumuno, base sa 2022 Program for International Student Assessment (PISA), nahuhuli ang Pilipinas sa matematika, agham at pagbabasa kumpara sa halos 80 na mga bansa. 

Ngunit imbis na tugunan ang lumalalang krisis na ito, ito pa ang naging pugad ng mga anomalya. Halos 612 milyon sa Office of the Vice President at 150 milyon sa edukasyon ang confidential funds na hanggang ngayon ay hindi pa pormal na pinagbabayaran ng bise. 
Depensa niya na ang confidential funds sa DepEd ay para sa imbestigasyon ng nakaraang isyu sa 2.4 bilyong overpriced na mga laptop. Nagastos na ang pondo, ngunit hanggang ngayon, wala pa ring ulat ukol sa sinasabing imbestigasyon na ito. Kaya sa huli, mapapakuwestiyon na lamang talaga kung saan at para kanino nga ba talaga ang salapi. 

Ito rin ang tila ba birthday ni Mary Grace Piattos, na isa raw sa mga tumanggap ng pondo. Palusot lamang, dahil wala namang record mula sa Philippine Statistics Authority (PSA) si Piattos, maging ang iba pang kakatwang mga pangalan. 

Idagdag pa riyan ang 15 milyong pisong alokasyon para raw sa Youth Leadership Summit (YLS), ngunit hindi dokumentado at tila ba iba naman ang ginamit na pondo. At ang ibang programa ay sinasabing wala pa sa mandato ng edukasyon. 

Iba pa iyong kaniyang hinihinging alokasyon para sa pagpapa-imprenta ng libro ng bise na “Isang Kaibigan”. Kinalaunan, ito ay binatikos pa ng mga kritiko ukol sa pagkakayari nito. 

Nang siya ay magbitiw, halos nakagigimbal na 165,000 na mga classroom ang natengga at may nakuwestiyon pang 12.3 bilyong piso ang Commission on Audit (COA) mula sa mga nakaraang transaksiyon ni Duterte. 

Nakapanlulumo. Lumagapak ang sektor ng edukasyon sa loob lamang ng dalawang taon, habang lumobo ang nailustay na pera. 

𝗔𝗻𝗴𝗴𝘂𝗹𝗼𝗻𝗴 𝗽𝗼𝗹𝗶𝘁𝗶𝗸𝗮𝗹   

""Hindi malinaw kung ano ang ipinaglalaban nila para sa kaayusan ng bayan, pero napakalinaw ng kanilang pamumulitika at pagpapahirap sa usaping diplomasya ng ating bansa,"" wika ni Duterte laban sa impeachment. 

Ito ang bigkas ng bise sa tuwing binabato ang mga katanungan— na siya raw ay pinupulitika. 

Paano ba’t siya ay pulitiko. At wala namang dapat ikatakot ang isang pulitiko sa paglilitis, sa pamumulitika, puwera na lamang kung alam niyang mayroon siyang batas na nayurakan. 

Ang diskurso ang puso ng demokrasya, ngunit iwas ang bise na pag-usapan ang kaniyang naging pamumuno. Bukas ang mga hearing, ngunit siya ay makikita sa ibang mga impormal na video tulad yaong mga pagbabanta at patutsada sa iba pang mga pulitiko. 

Plunder, graft, at mga patung-patong na impeachment complaints ang naihain. Ngayong malapit nang maluto ang pananagutan, ay siya namang kaniyang paglatag ng mithiing pagtakbo sa 2028 elections. 

Tila ba she is cooking something, o sila ang “cooked” sa nalalabing mga buwan kaya agaran at desperado na ang anunsiyo. 
Ngunit hindi rin naman ito makasasakit kung hindi natin titikman. Kung hindi kakagat ang mga Pilipino sa isang pagkandidato na atin nang naranasan sa mga nakaraang taon. 

Sa tila ba larong sinimulan, maigi nang tuloy-tuloy ang panunuri. Tulad sa larong snakes and ladders, na nakikita na kung saan tayo nakatapak, ang mga inisyatibong tumutuligsa sa korapsyon ay hindi sana mabitag ng mga snakes in the ladders.",published,https://fgojhhgqpvnwtcqkornz.supabase.co/storage/v1/object/public/thumbnails/1790756538917-9fo9t0.webp,2026-09-30 17:18:00.685+00,2026-09-30 08:22:20.25067+00,,,Allan P. Tipon Jr.,,false,,,,,2,,,,column
e1550488-63c2-4c69-8ce9-bde553ca9ecf,kirky boy,features,Mark Adrianne M. Capulong,2026-09-30,4 min,kirk is my life,KIRK IS MY LOVE. KIRK IS MY LOVE. KIRK IS MY LOVE. KIRK IS MY LOVE. KIRK IS MY LOVE. KIRK IS MY LOVE. KIRK IS MY LOVE. KIRK IS MY LOVE. KIRK IS MY LOVE. KIRK IS MY LOVE. KIRK IS MY LOVE. KIRK IS MY LOVE. KIRK IS MY LOVE. KIRK IS MY LOVE. KIRK IS MY LOVE. KIRK IS MY LOVE. KIRK IS MY LOVE. KIRK IS MY LOVE. KIRK IS MY LOVE. KIRK IS MY LOVE. KIRK IS MY LOVE. KIRK IS MY LOVE. KIRK IS MY LOVE. KIRK IS MY LOVE. KIRK IS MY LOVE. KIRK IS MY LOVE. KIRK IS MY LOVE. KIRK IS MY LOVE. KIRK IS MY LOVE. KIRK IS MY LOVE. KIRK IS MY LOVE. KIRK IS MY LOVE. KIRK IS MY LOVE. KIRK IS MY LOVE. KIRK IS MY LOVE. KIRK IS MY LOVE. KIRK IS MY LOVE. KIRK IS MY LOVE. KIRK IS MY LOVE. KIRK IS MY LOVE. KIRK IS MY LOVE. KIRK IS MY LOVE. KIRK IS MY LOVE. KIRK IS MY LOVE. KIRK IS MY LOVE. KIRK IS MY LOVE. KIRK IS MY LOVE. KIRK IS MY LOVE. KIRK IS MY LOVE. KIRK IS MY LOVE. KIRK IS MY LOVE. KIRK IS MY LOVE. KIRK IS MY LOVE. KIRK IS MY LOVE. KIRK IS MY LOVE. KIRK IS MY LOVE. KIRK IS MY LOVE. KIRK IS MY LOVE. KIRK IS MY LOVE. KIRK IS MY LOVE. KIRK IS MY LOVE. KIRK IS MY LOVE. KIRK IS MY LOVE. KIRK IS MY LOVE. KIRK IS MY LOVE. KIRK IS MY LOVE. KIRK IS MY LOVE. KIRK IS MY LOVE. KIRK IS MY LOVE. KIRK IS MY LOVE. KIRK IS MY LOVE. KIRK IS MY LOVE. KIRK IS MY LOVE. KIRK IS MY LOVE. KIRK IS MY LOVE. KIRK IS MY LOVE. KIRK IS MY LOVE. KIRK IS MY LOVE. KIRK IS MY LOVE. KIRK IS MY LOVE. KIRK IS MY LOVE. KIRK IS MY LOVE. KIRK IS MY LOVE. KIRK IS MY LOVE. KIRK IS MY LOVE. KIRK IS MY LOVE. KIRK IS MY LOVE. KIRK IS MY LOVE. KIRK IS MY LOVE. KIRK IS MY LOVE. KIRK IS MY LOVE. KIRK IS MY LOVE. KIRK IS MY LOVE. KIRK IS MY LOVE. KIRK IS MY LOVE. KIRK IS MY LOVE. KIRK IS MY LOVE. KIRK IS MY LOVE. KIRK IS MY LOVE. KIRK IS MY LOVE. KIRK IS MY LOVE. KIRK IS MY LOVE. KIRK IS MY LOVE. KIRK IS MY LOVE. KIRK IS MY LOVE. KIRK IS MY LOVE. KIRK IS MY LOVE. KIRK IS MY LOVE. KIRK IS MY LOVE. KIRK IS MY LOVE. KIRK IS MY LOVE. KIRK IS MY LOVE. KIRK IS MY LOVE. KIRK IS MY LOVE. KIRK IS MY LOVE. KIRK IS MY LOVE. KIRK IS MY LOVE. KIRK IS MY LOVE. KIRK IS MY LOVE. KIRK IS MY LOVE. KIRK IS MY LOVE. KIRK IS MY LOVE. KIRK IS MY LOVE. KIRK IS MY LOVE. KIRK IS MY LOVE. KIRK IS MY LOVE. KIRK IS MY LOVE. KIRK IS MY LOVE. KIRK IS MY LOVE. KIRK IS MY LOVE. KIRK IS MY LOVE. KIRK IS MY LOVE. KIRK IS MY LOVE. KIRK IS MY LOVE. KIRK IS MY LOVE. KIRK IS MY LOVE. KIRK IS MY LOVE. KIRK IS MY LOVE. KIRK IS MY LOVE. KIRK IS MY LOVE. KIRK IS MY LOVE. KIRK IS MY LOVE. KIRK IS MY LOVE. KIRK IS MY LOVE. KIRK IS MY LOVE. KIRK IS MY LOVE. KIRK IS MY LOVE. KIRK IS MY LOVE. KIRK IS MY LOVE. KIRK IS MY LOVE. KIRK IS MY LOVE. KIRK IS MY LOVE. KIRK IS MY LOVE. KIRK IS MY LOVE. KIRK IS MY LOVE. KIRK IS MY LOVE. KIRK IS MY LOVE. KIRK IS MY LOVE. KIRK IS MY LOVE. KIRK IS MY LOVE. KIRK IS MY LOVE. KIRK IS MY LOVE. KIRK IS MY LOVE. KIRK IS MY LOVE. KIRK IS MY LOVE. KIRK IS MY LOVE. KIRK IS MY LOVE. KIRK IS MY LOVE. KIRK IS MY LOVE. KIRK IS MY LOVE. KIRK IS MY LOVE. KIRK IS MY LOVE. KIRK IS MY LOVE. KIRK IS MY LOVE. KIRK IS MY LOVE. KIRK IS MY LOVE. KIRK IS MY LOVE. KIRK IS MY LOVE. KIRK IS MY LOVE. KIRK IS MY LOVE. KIRK IS MY LOVE. KIRK IS MY LOVE. KIRK IS MY LOVE. KIRK IS MY LOVE. KIRK IS MY LOVE. KIRK IS MY LOVE. KIRK IS MY LOVE. KIRK IS MY LOVE.,published,https://fgojhhgqpvnwtcqkornz.supabase.co/storage/v1/object/public/thumbnails/1790745886099-b06mzc.webp,2026-09-30 05:24:47.63+00,2026-09-30 05:24:48.254668+00,Rhian Justine A.D. Dela Cruz,Trisha Lorraine B. Capala,Rhian Justine A.D. Dela Cruz,,false,,Sheena C. Panelo,Ian Luiz R. Escamos,,4,2026-09-30 07:48:41.839+00,,,
ea850396-56c2-4f54-bc46-30921a88110a,Ang Pag-Ibig ay Panatisismo,opinion,Warren B. Altre,2026-07-26,4 min,Nagayuma na ang bansa. Ang dati’y depinisyon ng mapagpalayang pagmamahal ay naging pag-ibig na mapanlason sa kaisipan ng mamamayan.,"Nagayuma na ang bansa. Ang dati’y depinisyon ng mapagpalayang pagmamahal ay naging pag-ibig na mapanlason sa kaisipan ng mamamayan. At dahil sa gayumang ito, darating ang araw na sa pagpikit ng aking mga mata at pagluhod ng aking mga tuhod, magmimistulang bathala ang isang ordinaryong nilalang na kanilang dinadasalan—dulot ng mapanatikong pagsinta.

Isang malungkot na trahedya nang mabalitaang nabawian ng buhay dahil sa pagkalunod sa isang team-building water activity ang 18-taong-gulang na basketball player na si 𝗥𝗲𝗻𝗲 𝗕𝗮𝘁𝗲𝗿𝗯𝗼𝗻𝗶𝗮 mula sa Talacogon, Agusan del Sur. Ang insidente ay umani ng matinding batikos laban sa Blue Eagles head coach na si Tab Baldwin at team manager na si Epok Quimpo, habang papuri at pagdadakila naman ang natanggap ng yumao.

𝗦𝗶𝗻𝗮𝗻𝘁𝗼. 𝗡𝗶𝗹𝘂𝗵𝘂𝗿𝗮𝗻. 𝗚𝗶𝗻𝗮𝘄𝗮𝗻 𝗻𝗴 𝗿𝗲𝗯𝘂𝗹𝘁𝗼 𝘀𝗮 𝗺𝗮𝗱𝗹𝗮. Ganiyan ang naging tugon ng ilang tagahanga. Respeto sa yumao at sa kaniyang pamilya, ngunit kung bubulayin, hindi pa man nakakamit ni Rene ang rurok ng kaniyang karera. Siya’y isang espada na pinapanday pa lamang ng panahon. 𝗡𝗴𝘂𝗻𝗶𝘁 𝘁𝗶𝗹𝗮 𝗻𝗮𝗽𝗮𝗸𝗮𝘁𝘂𝗹𝗶𝗻 𝗻𝗴 𝗽𝗮𝗴𝗸𝗮𝘀𝗲𝗺𝗲𝗻𝘁𝗼 𝗻𝗴 𝗸𝗮𝗻𝗶𝘆𝗮𝗻𝗴 𝗽𝗮𝗻𝗴𝗮𝗹𝗮𝗻 𝘀𝗮 𝗯𝗶𝗯𝗹𝗶𝗮 𝗻𝗴 𝗺𝗴𝗮 𝗽𝗮𝗻𝗮𝘁𝗶𝗸𝗼.

Masahol pa rito, sa halip na mag-iwan ng tahimik at taimtim na paggalang, naging pagkakataong pangkapitalismo ang trahedya sa pamamagitan ng pagbenta ng mga merchandise—isang patunay na sa mata ng mga panatiko, kahit ang kamatayan at pagdadalamhati ay ginagawang komoditi kapalit ng pansamantalang kasikatan at pakinabang. Ngunit sa kabilang banda, bakit tila nalimutan na ang kasama niyang si 𝗗𝗶𝘃𝗶𝗻𝗲 𝗔𝗱𝗶𝗹𝗶 na nasawi rin sa parehong insidente? Tila mas epektibo ang naging emosyonal na propaganda sa naunang manlalaro.

At hindi lamang sa usaping palakasan nagtatapos ang epekto ng gayumang nainom ng mga Pilipino; umaabot ito sa mga love team, mga artista, ideolohiya, at lalong-lalo na sa politika.

𝗧𝗿𝗮𝗱𝗶𝘀𝘆𝗼𝗻 𝗻𝗮 𝘀𝗮 𝗯𝗮𝗻𝘀𝗮𝗻𝗴 𝗶𝘁𝗼 𝗮𝗻𝗴 𝗱𝗲𝗯𝗼𝘀𝘆𝗼𝗻. Nakaukit na sa palad ng marami ang kaugaliang yumuko, sumunod, at magpasakop—ang gumawa ng sariling relihiyong lampas sa pamantayan ng lohika at tamang pag-iisip. 𝗜𝘀𝗮 𝗶𝘁𝗼𝗻𝗴 𝗺𝗮𝗹𝗮𝗹𝗶𝗺 𝗻𝗮 𝘀𝘂𝗴𝗮𝘁, 𝗮𝘁 𝘄𝗮𝗹𝗮𝗻𝗴 𝗽𝗿𝘂𝘀𝗶𝘀𝘆𝗼𝗻 𝘁𝘂𝘄𝗶𝗻𝗴 𝗶𝗸𝗮-𝘀𝗶𝘆𝗮𝗺 𝗻𝗴 𝗘𝗻𝗲𝗿𝗼 𝗮𝗻𝗴 𝗽𝗮𝗽𝗮𝘄𝗶 𝘀𝗮 𝘂𝗵𝗮𝘄 𝗻𝗴 𝗣𝗶𝗹𝗶𝗽𝗶𝗻𝗼𝗻𝗴 𝘁𝘂𝗺𝗮𝗻𝗴𝗶𝘀 𝗽𝗮𝗿𝗮 𝘀𝗮 𝗸𝗮𝗻𝗶𝘆𝗮𝗻𝗴 𝗶𝗱𝗼𝗹𝗼.

Umabot na tayo sa punto ng kakatwang pagkahumaling, tulad ng ilang grupo ng tagahanga ng tambalang AlDub na nagtayo ng sarili nilang kulto—nagdaraos ng kandila’t panalangin, at matigas na tumatangging tanggapin ang katotohanang ang kanilang mga idolo ay may kani-kaniyang totoong buhay.

Ang parehong sikolohiyang ito ang nagsusupling sa mga pinalalaking sekta tulad ng Kingdom of Jesus Christ (KOJC) o Socorro Bayanihan Services (SBS), kung saan ang pananampalataya ay ginagamit ng mga lider upang magbenta ng ""kaligtasan"" kapalit ng bulag na pagpapasakop ng kaisipan ng kasapi.

Isang gayuma na may natatanging pormula: propaganda para sa pagkabulag, pag-asa para sa kaunlaran, representasyon, at utang na loob.

Ayon sa teorya ng sosyologong si Max Weber, ang charisma ay nag-uugat sa debosyon ng tao sa isang natatanging ""banal"" o espesyal na karakter. Sinang-ayunan ito ng sikologong si Robert House, kung saan sinabi niyang ang mga karismatikong lider—na may mataas na kumpiyansa sa sarili at matatag na paniniwala—ay madaling nakakakuha ng bulag na pagsunod mula sa mga taong naghahanap ng gabay. 

Sa kontekstong Pilipino, ang karismang ito ay hindi nagbubunga ng kritikal na suporta kundi ng feudal patronage. Dahil dito, ang mga Pilipino ay patuloy na nakagapos sa isang sistema—nagpapakatuta para sa ideolohiyang walang itinaas kundi ang mga nasa kapangyarihan. Sa politika, identikal ang diyalogo ng mga panatiko: kahit walang malinaw na plataporma o may bahid ng korapsyon, iboboto pa rin ang kandidato dahil sa bugso ng puso’t damdamin.

Dulot ng modernong panahon, lalo pang pinatitingkad ng teknolohiya ang gayumang ito. Sa tulong ng masinsing disimpormasyon at mga echo chamber sa social media, ang katotohanan ay hindi na ibinabatay sa ebidensya kundi sa kung ano ang masarap pakinggan sa damdamin ng naniniwala.

Sa huli, ibabalik ng epidemyang ito ang mapangwasak na sintomas ng korapsyon, kawalan ng intelektwal na pag-iisip, at mapang-angking debosyon na pilit nagluluklok sa mga nasa itaas ng tatsulok—nang buong-buo. Malayo sa tunay na kaunlaran ang bansa kung ang mamamayan nito mismo ay nagayuma ng sistemang kinikilala ang pagluhod bilang katumbas ng kasarinlan—isang kasarinlang buong-pusong itinayo ng mga tunay na bayani ng nakaraan.

Hindi bayani ang mga politiko ngayon, Juan. Hindi rin Diyos ang mga personalidad sa telebisyon at palakasan. Pangako ’yan sa iyo.",published,https://fgojhhgqpvnwtcqkornz.supabase.co/storage/v1/object/public/thumbnails/1790755455292-1ttr9w.webp,2026-09-30 17:17:38.834+00,2026-09-30 08:04:16.010481+00,,,Rhian Justine A.D. Dela Cruz,,false,,,,,0,,,,column
ef284da5-ea86-42c7-89e5-9951dd163327,"Educ studes decry digitalized CRE, call it ‘anti-poor’",news,Clarisse T. Fajardo,2026-05-28,5 min,"Students of Tarlac State University - College of Education (TSU-COEd) took to Facebook to air their dismay regarding the digitalized College Retention Examinations (CRE) taking place in the first week of June, labeling it as “anti-poor.”","Students of Tarlac State University - College of Education (TSU-COEd) took to Facebook to air their dismay regarding the digitalized College Retention Examinations (CRE) taking place in the first week of June, labeling it as “anti-poor.”

“Ang anti-poor din ng new implementation na online. Gets naman na rushed at wala na silang time mag-prepare ng mga booklets, pero hindi naman lahat nga may device na maayos,” a COEd student shared.

CRE is held annually among incoming second, third, and fourth-year COEd students, and utilizes traditional pen-and-paper tests.

However, due to the limited time because of the released calendar for the academic year 2026–2027, exams will be taken online, but will still be administered on-site within COEd premises.

As mentioned in the virtual orientations conducted on May 26 and 27, such an adjustment will ensure easier checking for the proctors.

Students, however, aired numerous concerns regarding how the CRE will be taken this year, especially the shift to digital.

𝗢𝗻 𝘁𝗵𝗲 𝗻𝗲𝗲𝗱𝗲𝗱 𝗱𝗲𝘃𝗶𝗰𝗲𝘀

In the released guidelines, gadgets of Android users must be Version 11 or higher with a minimum of 4GB RAM, while Apple users must have Version 15 or higher to take the exams.

With this, some students have started looking for phones that can handle these specific requirements that they may borrow.

“[Looking for] extra phone. Isa po akong COED student at sa nalalapit po naming CRE, nais ko po sana manghiram ng device upang may magamit po ako sa aming Online/College Retention Exam,” a user posted in Firefox League, a TSUian community in Facebook.

Amid this, a student asked: “Paano po ‘yung mga students na may mga low devices na di kayang i-accommodate ‘yung app na gagamitin for Digital CRE?”

Meanwhile, other students expressed their worries over the Opera browser app and other specific guidelines for the exams, citing unfamiliarity.

𝗢𝗻 𝘁𝗵𝗲 𝟭𝟱𝟬-𝗽𝗲𝘀𝗼 𝗽𝗮𝘆𝗺𝗲𝗻𝘁

Students have also questioned the need to pay 150 pesos if examinations are conducted virtually.

“Tapos naningil ng 150 na for router daw e wala naman silang prinovide na specific info sa router kesyo eto ang presyo at ilan ang need per room kaya ni-estimate siya based sa dami ng router, price, and number of students,” a student shared in an interview.

Pauline Salak, incumbent Governor of COEd, however, explained in a comment that the 150-peso payment is intended for the acquisition of routers needed to facilitate the exams.

“Ang router po ay magiging gamit na po ng kolehiyo. Ang tanong naman po na kung bakit tayo ang gagastos? Dahil wala raw po ang MISO ng router na maari nating magamit,” Salak replied to a post in Firefox League.

However, it was mentioned in the orientation that this was an initiative from the COED-SC.

Moreover, students have rebutted that this “burden” should be on the institution, and not on the students.

“So bakit po students ang pinapabayad? Hindi ba dapat sa institution siya or may allocation ang school, dahil parang magiging puhunan po kasi ang mga magtatake ng CRE this year,” a student said.

Meanwhile, another student shared that even the budget allocation for the routers was not disclosed during the orientation, raising questions about transparency.

“Wala silang pinakita or inanunsyo na budget allocation for that kasi as we all know, it's for the booklet for CRE, which is ‘di na po pala since nag implement sila ng Digital CRE,” they stated.

𝗢𝗻 𝘁𝗵𝗲 𝗽𝗮𝘀𝘀𝗶𝗻𝗴 𝗿𝗲𝗾𝘂𝗶𝗿𝗲𝗺𝗲𝗻𝘁

Students also criticized the high passing requirement, wherein they are expected to pass 75% each core subject, namely: general education, professional education, and majorship, despite limited time to prepare for the exams.

“This week pa lang natatapos mga Final term requirements, this week din nila gusto magpa-application. Pero gusto nila 75 percentage pa rin for CRE ang maipasa ng students. Eh pagod pa 'yang mga 'yan,” a student shared in an interview.

Meanwhile, a student said that this does not reflect the Licensure Examination for Professional Teachers (LEPT), as opposed to one of the goals of CRE, saying, “Di naman po Digital ang LET, it's a paper-and-pen exam po.”

Furthermore, to be qualified to take the CRE, students must ensure that they have no failing remarks or grades under 3.00 or INC and must achieve a general weighted average (GWA) of no lower than 2.50, which students also raised a concern about as their grades have yet to be completed as of May 28 but the application is already on Friday, May 29.

Despite this, payments were already made and prioritized, raising questions among the students.

𝗢𝘁𝗵𝗲𝗿 𝗖𝗼𝗻𝗰𝗲𝗿𝗻𝘀

Apart from the above-mentioned, students also questioned why the college did not prepare the booklets in advance given that procurement takes at least a month.

“Kung maaga pala ang academic calendar this year, hindi ba dapat mas maaga silang nag-announce? Kasi anticipated ng mga students na may time pa sila for CRE review, then 2 weeks before retention examination lang sila nag-announce,” a student shared.

Others noted that the college should have at least consulted with the students regarding this new implementation, saying “Bakit hindi muna sila nagsagawa ng survey sa mga students kung payag or kaya ba nila mag adjust sa ganitong set up?”

“Ang pros sa mga checkers, cons lahat sa students,” they added.

The CRE application starts this week on Friday, May 29, while the simulation is set on June 2. Meanwhile, the actual examination will take place from June 3-5, 2026.

𝐀𝐃𝐃𝐄𝐍𝐃𝐔𝐌: COEd-SC clarified that neither the routers nor the CRE were their initiatives, contrary to what was announced by the admin throughout the orientation.

During the concluded administration meeting, the CSC, on the other hand, was not provided with any decision regarding the finalized process of the CRE.

Additionally, Student Regent Brixter Millo informed the publication that there will be a meeting tomorrow with the Office of the President (OUP) regarding the implementation and process of the CRE.",published,https://fgojhhgqpvnwtcqkornz.supabase.co/storage/v1/object/public/thumbnails/1790764892274-0alyk8.webp,2026-09-30 16:13:48.832+00,2026-09-30 10:41:08.802041+00,,,Allan P. Tipon Jr.,,false,,,,,3,,,,university
f3a28915-171d-4dc6-a859-e338fb11f3c8,"TSU stude orgs call for class, midterm exams suspension on September 21",news,Danica L. Burce,2026-09-16,2 min,Student-led organizations Kaya Natin Youth - Tarlac State University (TSU) and the Alliance of Concerned Students (ACS) - TSU have pressed the university administration to suspend classes on September 21 to make way for the commemoration…,"Student-led organizations Kaya Natin Youth - Tarlac State University (TSU) and the Alliance of Concerned Students (ACS) - TSU have pressed the university administration to suspend classes on September 21 to make way for the commemoration of the 54th Martial Law Anniversary.

KNY formally submitted its petition on September 15 to the Office of the University President to cancel classes on the said date, which also marks the first day of the scheduled midterm examinations that had been pushed back due to recent severe weather conditions, leading to major onsite class disruptions. 

In a Facebook post, KNY stressed the historical importance of the date over being confined to academics, emphasizing that “history is education.”

“Remembering Martial Law is an opportunity for the university community to reflect on the struggles of those who came before us and to deepen our understanding of freedom, democracy, human rights, and accountability,” it wrote.

ACS-TSU shared a similar sentiment and reminded the institution of its obligation to shape not only academically excellent students, but also political, critical thinkers.

“Huwag gawing hadlang ang pagsusulit sa paggunita at pakikilahok, mahalagang bigyan natin ng puwang ang pag-alala, pagtalakay, at pagkilos,” the newly-established student coalition stated.  

Moreover, Rafael Jay Valix, former Supreme Student Council vice president, looked back on the unheard plight of student leaders and organizations, particularly the SSC, faced in calling for suspension of classes and acknowledgement of the date.

“This is not about asking for another day off. This is about institutional recognition,” Valix wrote on Facebook.

“Kung ang unibersidad ay may kakayahang kilalanin at planuhin ang academic calendar, dapat kaya rin nitong kilalanin ang mga petsang may malalim na kahulugan sa kasaysayan ng bansa at ng sarili nitong komunidad,” he added.
It could be noted that TSU has been exercising a “deafeningly silent” treatment of the Martial Law anniversary for years amidst continued student criticism. 

SSC President and Student Regent Hon. Jazzmine Faye Samson, however, urged students to wait for an addendum regarding the matter as it has already been coordinated with the administration.",published,https://fgojhhgqpvnwtcqkornz.supabase.co/storage/v1/object/public/thumbnails/1790755582036-yefh08.webp,2026-09-30 13:51:39.194+00,2026-09-30 08:05:39.67295+00,,,Rhian Justine A.D. Dela Cruz,,false,2026-09-16 04:23:00+00,,,,4,,,,university